STT,Team,Median of Age,Mean of Age,Std of Age,Median of Matches,Mean of Matches,Std of Matches,Median of Playing_Time_Starts,Mean of Playing_Time_Starts,Std of Playing_Time_Starts,Median of Minutes,Mean of Minutes,Std of Minutes,Median of Performance_Gls,Mean of Performance_Gls,Std of Performance_Gls,Median of Performance_Ast,Mean of Performance_Ast,Std of Performance_Ast,Median of Yellow_Cards,Mean of Yellow_Cards,Std of Yellow_Cards,Median of Red_Cards,Mean of Red_Cards,Std of Red_Cards,Median of Expected_xG,Mean of Expected_xG,Std of Expected_xG,Median of Expected_xAG,Mean of Expected_xAG,Std of Expected_xAG,Median of Progression_PrgC,Mean of Progression_PrgC,Std of Progression_PrgC,Median of Progression_PrgP,Mean of Progression_PrgP,Std of Progression_PrgP,Median of Progression_PrgR,Mean of Progression_PrgR,Std of Progression_PrgR,Median of Per_90_Minutes_Gls,Mean of Per_90_Minutes_Gls,Std of Per_90_Minutes_Gls,Median of Per_90_Minutes_Ast,Mean of Per_90_Minutes_Ast,Std of Per_90_Minutes_Ast,Median of Per_90_Minutes_xG,Mean of Per_90_Minutes_xG,Std of Per_90_Minutes_xG,Median of Per_90_Minutes_xAG,Mean of Per_90_Minutes_xAG,Std of Per_90_Minutes_xAG,Median of Goals_Against_Per90,Mean of Goals_Against_Per90,Std of Goals_Against_Per90,Median of Save_Percentage,Mean of Save_Percentage,Std of Save_Percentage,Median of CleanSheet_Percentage,Mean of CleanSheet_Percentage,Std of CleanSheet_Percentage,Median of Penalty_Save_Percentage,Mean of Penalty_Save_Percentage,Std of Penalty_Save_Percentage,Median of Shots_On_Target_Percentage,Mean of Shots_On_Target_Percentage,Std of Shots_On_Target_Percentage,Median of Shots_On_Target_Per90,Mean of Shots_On_Target_Per90,Std of Shots_On_Target_Per90,Median of Goals_PerShot,Mean of Goals_PerShot,Std of Goals_PerShot,Median of Shooting_Distance,Mean of Shooting_Distance,Std of Shooting_Distance,Median of Total_Passes_Completed,Mean of Total_Passes_Completed,Std of Total_Passes_Completed,Median of Total_Passes_Completed_Percentage,Mean of Total_Passes_Completed_Percentage,Std of Total_Passes_Completed_Percentage,Median of Total_Passing_Distance,Mean of Total_Passing_Distance,Std of Total_Passing_Distance,Median of Short_Passe_Completed_Percentage,Mean of Short_Passe_Completed_Percentage,Std of Short_Passe_Completed_Percentage,Median of Medium_Passes_Completed_Percentage,Mean of Medium_Passes_Completed_Percentage,Std of Medium_Passes_Completed_Percentage,Median of Long_Passes_Completed_Percentage,Mean of Long_Passes_Completed_Percentage,Std of Long_Passes_Completed_Percentage,Median of Keypasses,Mean of Keypasses,Std of Keypasses,Median of Passes_Into_Final_Third,Mean of Passes_Into_Final_Third,Std of Passes_Into_Final_Third,Median of Passes_Into_Penalty_Area,Mean of Passes_Into_Penalty_Area,Std of Passes_Into_Penalty_Area,Median of Crossed_Into_Penalty_Area,Mean of Crossed_Into_Penalty_Area,Std of Crossed_Into_Penalty_Area,Median of Progressive_Passes,Mean of Progressive_Passes,Std of Progressive_Passes,Median of Shot_Creating_Actions,Mean of Shot_Creating_Actions,Std of Shot_Creating_Actions,Median of Shot_Creating_Actions_Per90,Mean of Shot_Creating_Actions_Per90,Std of Shot_Creating_Actions_Per90,Median of Goal_Creating_Actions,Mean of Goal_Creating_Actions,Std of Goal_Creating_Actions,Median of Goal_Creating_Actions_Per90,Mean of Goal_Creating_Actions_Per90,Std of Goal_Creating_Actions_Per90,Median of Tackles,Mean of Tackles,Std of Tackles,Median of Tackles_Won,Mean of Tackles_Won,Std of Tackles_Won,Median of Defensive_Actions_Attempted,Mean of Defensive_Actions_Attempted,Std of Defensive_Actions_Attempted,Median of Defensive_Actions_Lost,Mean of Defensive_Actions_Lost,Std of Defensive_Actions_Lost,Median of Blocks,Mean of Blocks,Std of Blocks,Median of Shots_Blocked,Mean of Shots_Blocked,Std of Shots_Blocked,Median of Passes_Blocked,Mean of Passes_Blocked,Std of Passes_Blocked,Median of Interceptions,Mean of Interceptions,Std of Interceptions,Median of Touches,Mean of Touches,Std of Touches,Median of Touches_Defensive_Penalty_Area,Mean of Touches_Defensive_Penalty_Area,Std of Touches_Defensive_Penalty_Area,Median of Touches_Def_3rd,Mean of Touches_Def_3rd,Std of Touches_Def_3rd,Median of Touches_Mid_3rd,Mean of Touches_Mid_3rd,Std of Touches_Mid_3rd,Median of Touches_Att_3rd,Mean of Touches_Att_3rd,Std of Touches_Att_3rd,Median of Touches_Att_Pen,Mean of Touches_Att_Pen,Std of Touches_Att_Pen,Median of Take_Ons_Attempted,Mean of Take_Ons_Attempted,Std of Take_Ons_Attempted,Median of Take_Ons_Success_Percentage,Mean of Take_Ons_Success_Percentage,Std of Take_Ons_Success_Percentage,Median of Take_Ons_Tackled_Percentage,Mean of Take_Ons_Tackled_Percentage,Std of Take_Ons_Tackled_Percentage,Median of Carries,Mean of Carries,Std of Carries,Median of Total_Carrying_Distance,Mean of Total_Carrying_Distance,Std of Total_Carrying_Distance,Median of Progressive_Carrying_Distance,Mean of Progressive_Carrying_Distance,Std of Progressive_Carrying_Distance,Median of Progressive_Carries,Mean of Progressive_Carries,Std of Progressive_Carries,Median of Carries_Into_Final_Third,Mean of Carries_Into_Final_Third,Std of Carries_Into_Final_Third,Median of Carries_Into_Penalty_Area,Mean of Carries_Into_Penalty_Area,Std of Carries_Into_Penalty_Area,Median of Miscontrols,Mean of Miscontrols,Std of Miscontrols,Median of Dispossessions,Mean of Dispossessions,Std of Dispossessions,Median of Receiving,Mean of Receiving,Std of Receiving,Median of Progressive_Receiving,Mean of Progressive_Receiving,Std of Progressive_Receiving,Median of Fouls,Mean of Fouls,Std of Fouls,Median of Fouled,Mean of Fouled,Std of Fouled,Median of Offsides,Mean of Offsides,Std of Offsides,Median of Crosses,Mean of Crosses,Std of Crosses,Median of Recoveries,Mean of Recoveries,Std of Recoveries,Median of Aerial_Duels_Won,Mean of Aerial_Duels_Won,Std of Aerial_Duels_Won,Median of Aerial_Duels_Lost,Mean of Aerial_Duels_Lost,Std of Aerial_Duels_Lost,Median of Aerial_Duels_Wonpct,Mean of Aerial_Duels_Wonpct,Std of Aerial_Duels_Wonpct
1,All,96.5,101.99173553719008,53.586329931931395,20.0,19.051652892561982,8.836414011532096,13.5,14.026859504132231,9.782801787872415,1187.5,1257.2995867768595,825.7024584034455,0.0,1.8243801652892562,3.2634725735323564,1.0,1.3450413223140496,2.030501421603455,2.0,2.700413223140496,2.3824582870112536,0.0,0.08264462809917356,0.29731098132950967,0.7,1.8582644628099176,2.874092508552917,0.7,1.3731404958677684,1.7139367989574346,13.0,23.927685950413224,28.17420185418977,34.5,47.13636363636363,45.13134730225512,21.0,46.52066115702479,58.72761973419987,0.0,0.12008264462809917,0.19335116302921812,0.04,0.08911157024793388,0.12407269270456706,0.07,0.13392561983471074,0.1597781933202764,0.07,0.09733471074380165,0.10410280967940284,1.5,1.6312820512820514,0.6537148077965832,69.8,67.32564102564103,8.476801716533807,20.7,23.91025641025641,22.684005434757385,0.0,16.6,30.30126510010212,29.25,29.634883720930237,20.580138248145662,0.23,0.4069421487603305,0.4870485633533112,0.055,0.07809302325581395,0.10994845453745261,16.4,16.741627906976742,5.111407977870257,412.0,505.2623966942149,415.06638366419674,80.0,79.30826446280992,8.231186836248298,6640.0,8679.731404958678,7501.787582288486,89.6,88.71053719008265,6.740400160806966,85.7,84.01549586776859,10.168372776879766,53.45,54.41979166666667,16.514233879431558,7.0,12.454545454545455,14.02113164138958,26.5,39.52892561983471,40.51798657522851,6.0,10.524793388429751,12.937235207827356,1.0,2.46900826446281,3.8669741231997885,34.5,47.13636363636363,45.13134730225512,18.0,29.132231404958677,29.356153032889722,1.8,2.080578512396694,1.4347476084061552,2.0,3.1632231404958677,3.8437670693524817,0.15,0.2110330578512397,0.22298317844563795,16.0,22.785123966942148,20.844571853626494,10.0,13.584710743801653,12.833019559459345,15.5,20.712809917355372,18.81296635464759,7.0,10.169421487603305,9.577201560306762,11.0,14.03305785123967,12.548495663832288,2.0,4.737603305785124,6.725261487113431,7.0,9.295454545454545,8.585310532288148,6.5,10.367768595041323,10.87959105062054,661.0,764.9256198347107,563.2699989921578,30.0,86.38429752066116,158.85342620120477,143.0,253.68801652892563,278.54108940987413,255.5,325.3305785123967,284.3358725542676,121.5,193.47520661157026,192.12751708401427,18.0,31.59710743801653,37.642329922146544,12.0,23.545454545454547,28.860986153268055,44.7,46.84921348314607,23.716387890236955,44.3,42.00539325842697,22.43737064537381,360.5,428.85743801652893,323.95421539357915,1900.5,2302.3822314049585,1782.0712600089469,931.5,1188.1446280991736,987.2258975676367,13.0,23.927685950413224,28.17420185418977,11.0,16.03305785123967,16.74615441003088,2.0,7.526859504132231,13.186247527794933,11.0,17.371900826446282,17.837839711465197,7.0,12.231404958677686,13.70104366856502,433.5,500.0413223140496,379.236863586611,21.0,46.52066115702479,58.72761973419987,10.0,14.185950413223141,12.711422331390656,9.5,13.756198347107437,13.426067118524918,1.0,2.190082644628099,3.6561619890330537,8.0,22.171487603305785,32.597132014762245,42.0,53.53512396694215,42.43500456714951,9.0,16.58677685950413,19.353064574646478,11.0,16.56611570247934,16.970250690059935,50.0,48.74589473684211,21.605629027757992
2,West Ham,92.0,99.0,51.72724942748583,20.0,19.2,7.762087348130012,12.0,13.64,9.66902270139025,1070.0,1223.12,808.6833084300265,0.0,1.32,2.193171219946131,1.0,0.8,1.118033988749895,2.0,2.68,2.4447222064411873,0.0,0.12,0.33166247903553997,1.0,1.5919999999999999,2.012651650600935,1.0,1.092,1.1632999040087069,9.0,20.24,27.112850581719854,28.0,39.84,36.0227705764007,18.0,39.52,50.60148219173031,0.0,0.0916,0.147413251326557,0.03,0.0724,0.131759882614803,0.06,0.13879999999999998,0.16478066229587338,0.08,0.1032,0.10044567354213586,1.6749999999999998,1.6749999999999998,0.007071067811865481,68.25,68.25,8.980256121069152,18.9,18.9,3.111269837220811,0.0,0.0,,25.5,23.243478260869562,15.252058760793172,0.15,0.36519999999999997,0.41856023063194464,0.0,0.05043478260869566,0.07067713149948891,16.7,18.004347826086956,5.693096158815323,419.0,468.4,358.7043815362914,79.1,78.22800000000001,7.77161072965787,7287.0,8265.96,6473.94049555601,89.1,88.33200000000001,6.952021288805147,83.7,82.572,11.062795005482716,53.1,52.42400000000001,19.121699715244983,9.0,10.8,10.747092630102339,35.0,34.76,30.01566257806081,4.0,8.76,10.75592859775482,1.0,2.44,3.4044089061098406,28.0,39.84,36.0227705764007,14.0,27.04,26.949768088055972,2.37,2.2736,1.5983086894172436,1.0,1.96,2.621704280298091,0.11,0.1324,0.1621028480111726,14.0,21.24,18.978672240175285,10.0,12.8,11.438239957848994,17.0,17.32,13.755968401630858,6.0,8.36,7.307986498801614,14.0,15.2,12.013880860626733,3.0,5.64,7.216185511288726,9.0,9.56,7.500444431276501,6.0,11.04,13.223968138699266,617.0,733.8,527.4146850439415,33.0,95.16,155.96492126970946,188.0,268.4,274.86223822125874,278.0,312.76,256.0031380016008,92.0,159.64,163.51500440836207,19.0,27.68,34.94366895447586,11.0,25.88,39.97324104948209,49.650000000000006,53.550000000000004,24.95547339110026,39.35,35.025,23.779535410680886,284.0,373.28,278.782998046868,1371.0,1897.72,1569.3418609935397,695.0,956.8,847.9704200815811,9.0,20.24,27.112850581719854,10.0,13.2,14.941552797483935,2.0,5.8,11.324751652906127,10.0,16.2,17.844233428944676,6.0,13.12,20.04228862513793,354.0,464.8,340.6612442490829,18.0,39.52,50.60148219173031,12.0,14.32,12.727005408448079,10.0,13.2,14.665719666396646,1.0,2.36,3.7514441663622464,11.0,20.16,24.606367739537127,38.0,51.24,43.819021744747644,8.0,19.48,24.40648820839792,11.0,18.72,17.690675509996787,50.0,51.391999999999996,17.15687228683208
3,Southampton,117.0,108.72413793103448,63.232646717004016,19.0,16.620689655172413,9.18233472140722,11.0,11.724137931034482,8.564447074655858,894.0,1049.0,745.2626095161739,0.0,0.7586206896551724,1.0907131485472212,0.0,0.4827586206896552,0.8289705171033531,2.0,2.586206896551724,2.7060414073923864,0.0,0.10344827586206896,0.40925259281898757,0.4,0.996551724137931,1.3399047830298267,0.5,0.7448275862068966,0.8415912678188655,10.0,18.862068965517242,24.83765019068982,21.0,33.44827586206897,36.07688833479382,18.0,32.41379310344828,34.82252682365592,0.0,0.052413793103448285,0.08765415695520146,0.0,0.04379310344827586,0.0987932109113146,0.04,0.0786206896551724,0.09444288288737705,0.03,0.05620689655172415,0.05960667466840128,2.35,2.4266666666666663,0.1504437879519568,67.3,67.53333333333335,2.6576932353703513,0.0,2.9,5.0229473419497435,0.0,0.0,0.0,28.0,23.487999999999996,23.54563512274267,0.1,0.21379310344827587,0.3107527013226278,0.0,0.0608,0.0927775116429982,17.6,17.064,6.213753562327149,231.0,451.6551724137931,430.5247857359724,80.7,81.16206896551722,7.933987188630923,3829.0,7634.275862068966,7600.2931658519965,90.8,89.78275862068966,6.841734792826266,90.2,85.7,10.791895106977272,55.400000000000006,53.47499999999999,16.99944715876677,5.0,7.896551724137931,7.965751814514644,12.0,29.03448275862069,35.88720699101232,5.0,6.344827586206897,7.052232990180007,1.0,1.7241379310344827,2.4479809716250704,21.0,33.44827586206897,36.07688833479382,15.0,17.896551724137932,17.50580480784712,1.4,1.4341379310344826,0.824311475637089,1.0,1.2758620689655173,1.7504397758469141,0.06,0.1096551724137931,0.14376276983331876,12.0,18.586206896551722,17.777427986432905,7.0,10.724137931034482,10.395385486304344,12.0,16.79310344827586,13.22978055736599,10.0,8.827586206896552,6.681899673837638,7.0,12.03448275862069,13.348308503382661,2.0,5.172413793103448,8.246509935019445,5.0,6.862068965517241,7.288563144362516,4.0,8.655172413793103,11.49619770082068,401.0,653.5172413793103,566.0746177902734,33.0,82.72413793103448,148.21651550343606,147.0,237.89655172413794,283.4655868289062,175.0,283.0,277.49362927050106,116.0,138.20689655172413,133.9398530552173,14.0,19.79310344827586,19.011987403336626,5.0,20.655172413793103,28.802623717379046,43.849999999999994,49.23461538461539,29.15132850911179,44.349999999999994,41.30769230769231,29.061547420286118,253.0,364.7241379310345,320.5573156408031,1324.0,1923.8620689655172,1773.2063920669232,599.0,986.9655172413793,991.776345854772,10.0,18.862068965517242,24.83765019068982,8.0,13.724137931034482,16.692377541270016,1.0,4.758620689655173,7.008439669497428,9.0,13.137931034482758,13.192866410978741,5.0,10.10344827586207,12.54234207903716,314.0,446.7586206896552,389.87192541474565,18.0,32.41379310344828,34.82252682365592,10.0,13.172413793103448,12.250565484082886,8.0,12.241379310344827,13.73643531533614,0.0,1.4137931034482758,2.598313208043556,5.0,15.655172413793103,22.998875534731454,23.0,41.6551724137931,39.884902140023,6.0,13.03448275862069,19.273376823670315,7.0,11.137931034482758,12.002154978916536,54.5,54.04137931034483,23.066387376461563
4,Everton,82.75,87.1590909090909,50.8603097109731,22.5,19.727272727272727,8.718790972222928,14.5,15.454545454545455,9.703839557850396,1250.0,1386.5,825.0798951212745,1.0,1.3636363636363635,1.9406786870148718,1.0,0.8636363636363636,0.9902118361842986,3.0,2.909090909090909,1.874873733122184,0.0,0.09090909090909091,0.29424494316824984,0.8500000000000001,1.55,1.8735629413601498,0.9,1.1772727272727275,1.0108609334818646,10.0,17.636363636363637,17.780528286504484,30.5,37.18181818181818,30.96793481995509,20.0,36.45454545454545,36.45966756989645,0.04,0.09681818181818182,0.13392913419795183,0.035,0.05954545454545455,0.07518087856738907,0.055,0.11727272727272728,0.1309373466379579,0.06,0.085,0.07379185656451595,1.23,1.23,,69.8,69.8,,29.0,29.0,,100.0,100.0,,34.8,32.37619047619047,24.396206769944886,0.275,0.37545454545454543,0.41348377376727996,0.06,0.08571428571428573,0.12196603742728661,17.3,17.385714285714286,5.489834762020229,335.0,406.22727272727275,297.35323419705037,73.3,74.23636363636363,7.849085203266592,6084.5,7693.545454545455,6913.603517202414,86.25,85.60454545454546,7.682972965790887,82.05000000000001,79.8318181818182,12.328611182110242,54.2,56.32727272727272,15.426297331201981,8.5,11.318181818181818,9.342103177277146,29.0,36.0,30.314227368553876,8.0,9.590909090909092,8.878326155569827,1.0,3.1363636363636362,4.389331813184526,30.5,37.18181818181818,30.96793481995509,24.5,26.40909090909091,18.50523501454988,1.725,1.891818181818181,1.1013871615620365,2.0,2.3181818181818183,1.9612038003023415,0.11,0.16545454545454544,0.1581357847134114,22.0,28.0,26.695817400234567,12.5,16.272727272727273,16.015414652562278,18.5,24.272727272727273,21.218100579641717,7.0,11.5,10.568371501346657,11.0,14.863636363636363,13.653171459741174,3.0,5.454545454545454,8.900119168422478,7.5,9.409090909090908,7.920191741961633,8.5,12.590909090909092,11.938968173127904,620.0,706.2272727272727,457.80739678833567,27.5,91.72727272727273,196.11298536890166,137.5,257.8181818181818,322.4097712633112,248.0,280.1363636363636,204.30423053553886,157.0,176.13636363636363,128.3563846166659,17.0,26.5,23.603369412417532,15.0,24.454545454545453,27.78099259896143,46.5,46.647619047619045,20.27208965665896,45.7,45.457142857142856,20.6959554364753,300.0,340.3181818181818,215.3558265629979,1600.5,1819.8636363636363,1229.0590785697482,678.0,895.5,698.0296589414412,10.0,17.636363636363637,17.780528286504484,10.0,13.045454545454545,10.045028491875838,2.0,4.590909090909091,6.623616411922899,11.0,18.681818181818183,18.21926338910436,8.5,14.772727272727273,13.089187897911767,404.0,402.54545454545456,245.07408545031308,20.0,36.45454545454545,36.45966756989645,14.0,16.363636363636363,12.81571005611567,11.0,13.863636363636363,11.756641302626134,1.0,3.1818181818181817,6.091652083648992,6.5,24.818181818181817,32.03515385090389,50.0,56.81818181818182,42.44058745120599,9.5,22.363636363636363,27.084603699809925,14.0,20.818181818181817,22.12009722624883,50.6,48.71818181818182,18.494494325239618
5,Manchester City,125.5,116.2,53.901144081859094,20.0,17.56,8.426545357776618,14.0,13.6,8.190441583537076,1224.0,1223.32,722.8285711932901,1.0,2.24,4.3711173247428015,0.0,1.64,2.2150996967781533,2.0,2.12,1.6663332999933318,0.0,0.04,0.2,1.1,2.2,4.1657332287765785,0.8,1.7839999999999998,2.0393381279228806,30.0,37.6,41.43669871020133,55.0,62.96,53.994968901432536,14.0,62.32,71.83239751903965,0.05,0.17799999999999996,0.30678439769106036,0.0,0.09720000000000001,0.13694646155827953,0.07,0.15320000000000003,0.2211658502873654,0.04,0.1116,0.12690810323484733,1.4,1.4,0.42426406871192845,67.0,67.0,4.808326112068526,26.65,26.65,9.40452018978108,0.0,0.0,0.0,28.4,28.281818181818178,22.102437623885493,0.22,0.44960000000000006,0.5480456185391869,0.060000000000000005,0.11363636363636363,0.2141104622462201,18.35,17.713636363636365,5.10427416177998,642.0,697.0,511.05568842022166,87.6,86.736,6.660885826975267,9592.0,11300.36,8321.14508285969,94.0,92.132,6.1631106864418195,91.3,89.64399999999999,7.703737188317541,64.0,61.208,11.153023506356172,8.0,15.72,15.51483161365279,37.0,53.72,53.75059689591053,11.0,14.16,14.890377205878075,0.0,2.08,2.9,55.0,62.96,53.994968901432536,29.0,35.92,31.316821890692122,2.25,2.4476,1.7767931787352182,2.0,3.88,4.176521678781679,0.2,0.252,0.24162643343254755,11.0,16.52,15.548633380461448,6.0,10.08,10.160872665934425,12.0,14.72,14.09645345468143,5.0,7.56,7.217340230306453,11.0,10.72,8.49274199929956,1.0,3.0,4.203173404306164,9.0,7.72,6.228429443554237,5.0,7.32,7.386474125047755,844.0,909.08,609.1741622885855,32.0,68.76,123.08881617217166,189.0,212.64,211.48776166325402,288.0,385.6,332.28664834246143,321.0,318.04,257.50897718979303,19.0,44.08,50.20119520489528,18.0,26.24,37.85749595522662,46.4,47.539130434782614,27.145813993897924,34.9,38.80869565217392,24.808024967070605,540.0,583.56,399.3948630949911,2843.0,3380.28,2398.1580695747866,1614.0,1824.24,1358.6535086866947,30.0,37.6,41.43669871020133,22.0,28.24,25.25747414133092,3.0,13.36,21.769397480561253,10.0,15.2,14.097872179871686,7.0,13.08,13.96400133677068,630.0,687.52,469.616787036693,14.0,62.32,71.83239751903965,8.0,9.36,7.712976079309465,12.0,12.2,10.515861036231572,0.0,1.56,2.161789382278795,3.0,20.92,27.897012982277033,44.0,46.6,32.27873396939023,5.0,9.88,12.813794650037643,8.0,10.28,10.146920715172657,48.150000000000006,41.19166666666667,21.13772470719357
6,Leicester City,92.25,96.01923076923077,51.64406660386666,19.0,18.0,8.993330862366847,12.5,13.115384615384615,9.218793513587006,1197.0,1178.576923076923,765.7775746560837,0.0,0.9615384615384616,1.7545545128212854,0.0,0.7692307692307693,1.106623415898735,2.0,2.6923076923076925,2.3961507593510185,0.0,0.0,0.0,0.25,1.0115384615384615,1.9430546926068597,0.4,0.8076923076923077,0.9838386359248459,12.5,18.846153846153847,19.949320404850504,24.5,35.15384615384615,32.451431164362916,17.5,34.73076923076923,37.51859026382276,0.0,0.057692307692307696,0.09458573644298351,0.0,0.060384615384615384,0.09493074398658295,0.04,0.06423076923076923,0.08607778235633523,0.02,0.065,0.08135109095765096,2.21,2.736666666666667,1.0991056970707291,58.6,53.6,11.914696806885186,0.0,1.4000000000000001,2.4248711305964283,50.0,50.0,,33.3,30.85238095238095,18.01143023326074,0.225,0.27,0.27170572316386715,0.0,0.049523809523809526,0.061357655632870337,17.7,18.87142857142857,5.806129765785713,364.5,443.7307692307692,343.90551698887384,77.5,77.92692307692309,8.395549187149472,5186.5,7423.538461538462,5897.389118793293,88.85,88.74615384615385,7.0826679023786365,82.19999999999999,84.10384615384615,9.112079050106217,51.45,55.592307692307685,19.41885523045935,5.5,7.884615384615385,8.016617356850322,19.5,31.615384615384617,30.064034224404313,4.5,7.038461538461538,7.916973003519813,1.0,2.269230769230769,3.9553274686952764,24.5,35.15384615384615,32.451431164362916,12.0,18.076923076923077,16.56242271389805,1.2149999999999999,1.3250000000000002,0.9608673165427161,1.0,1.6923076923076923,2.3111768563955595,0.05500000000000001,0.12038461538461538,0.15282619590190077,19.5,23.384615384615383,20.74816025208389,12.0,13.346153846153847,12.139002620289059,17.0,22.0,20.76920797719547,8.0,11.5,11.367497525840944,14.0,15.653846153846153,12.812313788515509,3.0,5.961538461538462,7.269006915560168,7.0,9.692307692307692,8.023810719448612,7.5,10.576923076923077,11.39885284376661,691.0,691.3846153846154,487.9299193058837,26.5,89.23076923076923,144.8591889228454,127.0,250.80769230769232,253.74002746602977,289.0,315.9230769230769,259.02400245180723,81.5,131.65384615384616,125.56398920317633,13.5,19.884615384615383,22.728531713380736,9.0,20.615384615384617,24.82752814611543,43.2,45.8125,30.57884054588131,49.05,45.74583333333334,27.301982396038994,404.0,390.34615384615387,263.63913856750366,2119.5,1976.2692307692307,1318.8676220968443,1012.5,985.6923076923077,682.3083625007549,12.5,18.846153846153847,19.949320404850504,7.5,11.884615384615385,11.590778828282154,2.0,4.230769230769231,5.442849932215235,12.0,15.961538461538462,15.156465997667846,6.5,10.307692307692308,11.756765646279526,435.0,439.5769230769231,303.1778584365189,17.5,34.73076923076923,37.51859026382276,11.5,12.5,9.952889027814988,9.5,12.115384615384615,10.81601376876684,0.5,2.0,4.326661530556787,9.0,20.576923076923077,25.972559484075614,38.0,47.53846153846154,35.903460300345166,10.0,16.115384615384617,15.482446636308934,14.0,17.807692307692307,16.057444954336244,50.3,48.99166666666665,19.6930558643234
7,Bournemouth,126.0,117.52173913043478,57.67965575267449,22.0,19.782608695652176,8.893084758492924,14.0,14.782608695652174,10.479228466304752,1380.0,1323.6521739130435,888.2861234726962,1.0,2.1739130434782608,3.3391911638087595,1.0,1.608695652173913,2.0167284586402126,3.0,3.3043478260869565,2.851391727316451,0.0,0.043478260869565216,0.2085144140570748,1.0,2.526086956521739,3.356028143682018,1.1,1.6782608695652175,1.7549816165157686,18.0,26.695652173913043,31.382442663213475,36.0,52.65217391304348,47.650821509327976,22.0,51.869565217391305,65.51842513080236,0.03,0.1408695652173913,0.19028478760861814,0.05,0.10521739130434785,0.12206069895445057,0.08,0.1882608695652174,0.20836271202603854,0.09,0.1291304347826087,0.1507831990724751,1.0,1.1233333333333333,0.21361959960016158,80.0,79.33333333333333,5.6296832356122195,20.0,13.6,11.784735890124988,0.0,0.0,,30.85,25.244999999999997,17.692563855741025,0.17,0.56,0.6681657388294124,0.06,0.0595,0.05576973334968294,15.8,15.4,4.716711610969302,344.0,444.4347826086956,360.59847048621276,73.3,73.81304347826087,6.801223442602479,5606.0,8110.565217391304,6973.018557437771,87.8,86.70434782608696,7.339462344741707,79.8,81.37826086956522,10.816231763660458,46.6,47.417391304347824,19.181825019199653,10.0,16.26086956521739,15.5920066680578,33.0,44.08695652173913,43.626423439635616,6.0,12.08695652173913,12.555017263947656,2.0,3.5217391304347827,4.8511438690214765,36.0,52.65217391304348,47.650821509327976,26.0,37.391304347826086,33.99564026919118,2.35,2.6182608695652174,1.9174359113952937,2.0,3.739130434782609,3.9221676671817796,0.23,0.24086956521739128,0.2134332564075043,20.0,25.956521739130434,21.72028432107053,9.0,15.08695652173913,13.734207603572319,21.0,23.304347826086957,19.749418363377178,12.0,12.26086956521739,9.923422207101503,12.0,16.565217391304348,15.225057357576752,2.0,4.739130434782608,6.503267649311157,8.0,11.826086956521738,11.479832806483818,8.0,13.08695652173913,14.472271429053752,749.0,755.5652173913044,556.5582405272734,36.0,78.34782608695652,130.2217021068483,131.0,227.2173913043478,246.21626792900054,255.0,323.30434782608694,287.9277742109214,99.0,214.65217391304347,216.85135434537392,19.0,36.69565217391305,45.03981549959051,14.0,24.695652173913043,29.35431636621884,41.15,42.504999999999995,19.687358353709328,46.599999999999994,43.735,19.47347115815176,407.0,407.0,303.4928485004368,2051.0,2350.304347826087,1952.5353316505884,936.0,1256.7826086956522,1113.88374440398,18.0,26.695652173913043,31.382442663213475,14.0,17.869565217391305,18.091445361189827,1.0,8.608695652173912,15.248663519483754,17.0,21.217391304347824,19.306043617429822,7.0,12.695652173913043,15.413791883801796,378.0,439.9130434782609,325.94448956329944,22.0,51.869565217391305,65.51842513080236,14.0,18.434782608695652,16.784262344547436,9.0,13.869565217391305,12.41445033318426,0.0,2.5217391304347827,4.620798486855543,10.0,29.652173913043477,37.11359551878551,52.0,66.6086956521739,53.88602376602168,20.0,20.347826086956523,18.775246507647374,22.0,22.304347826086957,18.464793976667885,44.4,49.03181818181818,18.02153173458366
8,Brighton,96.0,102.81481481481481,48.49586583255322,19.0,17.814814814814813,8.831922157879847,9.0,12.62962962962963,9.043264166252515,903.0,1131.8148148148148,792.289624444779,1.0,1.7407407407407407,2.5357837901129168,1.0,1.1481481481481481,1.5616486284521365,2.0,2.4074074074074074,2.3900315295515897,0.0,0.07407407407407407,0.2668802563418119,0.7,1.7037037037037037,2.3034224505624206,0.8,1.1888888888888889,1.3039388061778092,15.0,24.14814814814815,28.782611876595677,35.0,45.888888888888886,45.32135965552712,27.0,45.370370370370374,60.00073598788867,0.05,0.12814814814814815,0.14814330476413287,0.04,0.08074074074074075,0.09871972470374928,0.09,0.12703703703703703,0.11518596384892679,0.09,0.09629629629629628,0.07217223779842155,1.045,1.045,0.7707463914933369,69.75,69.75,7.424621202458749,35.35,35.35,20.718228688765844,0.0,0.0,,28.6,31.344,22.135342780268843,0.32,0.4618518518518519,0.6574486644892865,0.06,0.086,0.09255628917943214,16.4,17.416,3.748853157967113,314.0,472.8888888888889,435.2986007269858,80.3,79.87037037037038,7.848018604169846,4884.0,8083.777777777777,8415.572951532422,91.8,89.6148148148148,6.573238500728876,82.4,82.22592592592594,9.352070630145233,52.4,54.4,16.343359037094686,9.0,10.814814814814815,9.190450884716563,20.0,35.111111111111114,43.8724842218317,8.0,10.0,9.856665062476566,1.0,2.5185185185185186,3.765944261713944,35.0,45.888888888888886,45.32135965552712,22.0,27.296296296296298,21.499221479312318,2.73,2.414814814814815,1.1869494525248339,3.0,3.074074074074074,2.827419670707197,0.23,0.2388888888888889,0.19202029807235188,15.0,20.59259259259259,17.343274598217427,10.0,12.296296296296296,10.283724313447234,15.0,20.85185185185185,16.933589068665828,9.0,10.925925925925926,8.494006601607287,12.0,13.148148148148149,11.213671956430629,2.0,3.740740740740741,5.012235740915138,8.0,9.407407407407407,9.33257017636975,8.0,9.592592592592593,9.00537984189818,569.0,709.6296296296297,554.9530228315344,25.0,79.55555555555556,178.81131725784917,114.0,230.22222222222223,295.8007818855497,238.0,308.7037037037037,288.8874967093345,132.0,178.74074074074073,166.2476356321387,16.0,31.14814814814815,38.91875532014758,12.0,25.11111111111111,30.428141495526713,42.9,45.18846153846154,21.398267722842927,48.0,46.18846153846153,20.296804219838688,326.0,409.6296296296296,345.12128839540406,1867.0,2276.3703703703704,2073.950951651834,893.0,1244.0,1344.5139813902442,15.0,24.14814814814815,28.782611876595677,15.0,16.48148148148148,16.85542681469126,2.0,7.481481481481482,13.785082155304336,9.0,17.444444444444443,18.02206624654542,7.0,11.11111111111111,11.537008455512378,384.0,467.3333333333333,381.8365538370493,27.0,45.370370370370374,60.00073598788867,9.0,13.555555555555555,11.712364713391022,8.0,12.88888888888889,14.12943826346347,0.0,1.2592592592592593,1.8100699644912284,9.0,19.925925925925927,25.055209693066487,40.0,49.25925925925926,39.32858873310727,10.0,16.0,16.53899820238401,12.0,14.11111111111111,13.588267941169896,54.15,52.08076923076923,20.611744598277348
9,Crystal Palace,100.5,101.64285714285714,59.875108112040785,25.0,20.571428571428573,8.806653328997507,15.0,15.619047619047619,10.99307141101244,1338.0,1401.2857142857142,929.4298866970623,0.0,1.6666666666666667,3.1675437381878933,0.0,1.380952380952381,2.0609752661347125,2.0,2.9047619047619047,2.84437623926164,0.0,0.14285714285714285,0.35856858280031806,0.9,2.161904761904762,3.040801899248978,1.1,1.657142857142857,1.8842960034377372,11.0,18.857142857142858,19.799711397608082,44.0,44.904761904761905,35.58778549152049,9.0,44.666666666666664,58.04940424615341,0.0,0.08714285714285715,0.13964751545025272,0.0,0.060476190476190475,0.08668772637900883,0.08,0.1376190476190476,0.1375465289240249,0.09,0.10380952380952382,0.0771671037733172,1.17,1.17,,70.7,70.7,,30.0,30.0,,50.0,50.0,,35.5,30.990476190476187,18.393148310224237,0.37,0.5266666666666667,0.4792007234273894,0.0,0.05904761904761906,0.09142782737792482,17.7,18.409523809523808,5.66514825595101,430.0,454.9047619047619,346.02888676552783,75.4,74.01904761904761,7.088484961373554,6914.0,8181.142857142857,6745.881782878458,85.2,84.43809523809524,6.418526013850547,81.4,79.66666666666667,10.929882585523659,46.6,49.500000000000014,18.272082530461603,9.0,14.333333333333334,14.691267247359342,27.0,34.666666666666664,28.721652691538022,4.0,10.0,10.430723848324238,1.0,2.4285714285714284,3.370036032024414,44.0,44.904761904761905,35.58778549152049,24.0,33.095238095238095,31.25044761584186,2.18,2.2957142857142854,1.5586871765321333,3.0,3.238095238095238,2.964873722517738,0.17,0.18190476190476193,0.1663916779054484,20.0,30.38095238095238,26.57343822405409,12.0,18.047619047619047,16.80022675583931,23.0,25.80952380952381,19.40777949075846,13.0,12.761904761904763,8.938147245960776,16.0,18.238095238095237,15.575316246884881,2.0,5.095238095238095,6.114775236300693,11.0,13.142857142857142,11.203953383898535,10.0,12.095238095238095,12.328441758408731,700.0,776.0952380952381,543.7040467719461,24.0,96.14285714285714,190.54849401511566,155.0,287.0952380952381,324.3391596403223,332.0,325.1904761904762,237.96294229304254,114.0,171.23809523809524,164.62773301054253,14.0,29.285714285714285,31.931399682981105,10.0,18.80952380952381,27.106491930198285,41.25,39.62,25.203312230110175,47.7,49.44,26.358528031739556,346.0,387.04761904761904,274.35441971845034,1696.0,1977.7619047619048,1456.7156518951083,814.0,946.1428571428571,701.6499330659333,11.0,18.857142857142858,19.799711397608082,9.0,13.19047619047619,12.225461331250644,1.0,4.9523809523809526,7.0176647859255175,12.0,18.333333333333332,18.254679765291236,12.0,13.333333333333334,12.916397846665042,462.0,450.8095238095238,309.55962576660716,9.0,44.666666666666664,58.04940424615341,10.0,15.238095238095237,14.024638183941724,17.0,15.761904761904763,13.553245965099142,1.0,2.857142857142857,4.725311781096718,7.0,22.61904761904762,28.58229555245028,56.0,64.66666666666667,48.556496304133525,14.0,20.047619047619047,20.078536277518317,19.0,25.238095238095237,23.27639310955364,43.1,41.74761904761905,19.719346313902474
10,Fulham,80.5,101.18181818181819,55.06696041974834,23.0,21.681818181818183,8.571194080486569,16.0,15.454545454545455,10.391055094360052,1502.0,1388.8181818181818,864.5834469827287,0.5,2.090909090909091,3.100062839748512,1.0,1.7727272727272727,2.428635089565412,2.0,3.0,2.8619008002508037,0.0,0.09090909090909091,0.29424494316824984,0.8,1.9,2.530763107199468,0.7,1.4590909090909092,1.707590642064368,18.5,29.045454545454547,33.16836885710077,45.0,57.13636363636363,43.96459122277018,28.5,56.22727272727273,65.98263250437795,0.02,0.20045454545454547,0.34447305890546553,0.1,0.11136363636363637,0.12755187383759017,0.07,0.15227272727272725,0.16506656141378148,0.09,0.10272727272727272,0.08316259565464101,1.35,1.35,,68.3,68.3,,16.1,16.1,,0.0,0.0,,30.8,28.990476190476187,20.2430705368999,0.195,0.5772727272727274,0.6991503811135737,0.06,0.08333333333333333,0.11306340404097753,15.4,16.490476190476187,4.345446439884487,583.0,604.9090909090909,454.4792843611465,81.85,80.51363636363634,7.9091445238765905,9961.5,10809.5,8838.906519043006,90.8,88.45909090909092,6.708037758001259,85.19999999999999,85.35909090909091,8.51064650282832,58.2,61.09090909090909,15.713746153664893,8.5,14.545454545454545,15.438749248400217,43.0,49.5,42.03031785565771,5.5,11.772727272727273,16.87469736781704,1.0,3.6363636363636362,6.31359421102369,45.0,57.13636363636363,43.96459122277018,24.5,34.13636363636363,30.02268262266834,2.245,2.4863636363636363,1.6681999008185164,2.0,3.8636363636363638,4.155265787676375,0.19,0.2509090909090909,0.2383057078410217,23.0,25.181818181818183,21.223608516026637,12.0,15.136363636363637,13.399699550808894,17.5,21.272727272727273,19.096700832447016,7.5,10.136363636363637,10.119737689737363,13.0,13.636363636363637,10.209917935146407,2.0,4.0,5.052109413285655,9.5,9.636363636363637,7.675225788801976,8.5,11.727272727272727,12.687383377580145,892.0,890.0909090909091,619.0871089635517,25.0,97.45454545454545,210.14954477426588,146.5,299.45454545454544,353.71238346494204,364.0,370.90909090909093,290.4577518808985,190.5,229.0,207.1898140537296,21.0,33.86363636363637,34.939805999605134,16.5,24.09090909090909,25.03884428131065,44.4,44.976190476190474,23.14398204203211,39.1,37.93333333333333,17.60285014801107,486.0,528.8181818181819,375.8165251902324,2318.0,2721.681818181818,1983.1511093486602,1120.0,1402.090909090909,1123.7322977721506,18.5,29.045454545454547,33.16836885710077,15.5,20.181818181818183,21.39790012758565,3.5,8.454545454545455,10.550230296413405,13.5,18.545454545454547,16.800587497457947,7.0,10.727272727272727,10.916051170646515,587.5,598.7727272727273,411.0134897355424,28.5,56.22727272727273,65.98263250437795,14.0,15.590909090909092,12.3159172692016,12.5,13.454545454545455,10.294368653493326,0.0,1.5909090909090908,2.986622409999868,12.0,31.863636363636363,44.61827028572537,50.5,59.5,40.9398513501384,13.5,19.727272727272727,19.964687440296796,16.0,19.40909090909091,19.17254756381061,50.0,46.949999999999996,21.15434774630096
11,Manchester Utd,86.5,92.74,53.413699865608756,20.0,18.4,9.928914005737655,15.0,13.64,10.016153619695203,1285.0,1216.4,863.6507781891165,0.0,1.4,2.1602468994692865,0.0,0.92,2.0999999999999996,2.0,2.76,2.259793500890439,0.0,0.12,0.439696865275764,0.8,1.6839999999999997,2.168847620281333,0.6,1.24,1.5346009253222805,9.0,21.84,30.09108395078737,41.0,45.68,53.47797054239561,18.0,45.36,62.3109674669449,0.0,0.07760000000000002,0.11537186254311174,0.0,0.0456,0.09188217092196578,0.08,0.12760000000000002,0.14700566882493568,0.06,0.086,0.07664854858377947,1.32,1.32,,69.8,69.8,,29.0,29.0,,25.0,25.0,,30.3,28.19047619047619,16.449556369759787,0.25,0.39519999999999994,0.46420290103933354,0.04,0.05761904761904762,0.06949134923893491,15.9,15.447619047619046,5.181854788357065,528.0,541.08,448.6438751021423,81.6,82.544,5.918338730871471,7473.0,8928.08,7968.361933923433,89.6,89.42399999999999,4.7147180898402254,86.5,85.01599999999999,9.361654056130607,55.2,58.376,17.178408929040355,7.0,12.84,16.224158940707323,24.0,36.32,38.79295468681566,5.0,10.32,13.30012531269286,1.0,2.32,2.853652630109932,41.0,45.68,53.47797054239561,23.0,29.64,34.205116576325246,1.89,2.2464,1.4276988477966912,1.0,2.28,3.9106691669499907,0.06,0.1364,0.22195870486797015,14.0,26.68,26.40978354070072,9.0,16.0,16.09606577190008,14.0,23.2,23.11024303925282,6.0,10.52,11.662332528272378,10.0,12.2,10.428326807307105,2.0,3.72,5.045790324617146,8.0,8.48,7.826876771739798,7.0,12.68,12.73355148155193,663.0,797.52,632.0582858144229,21.0,82.92,188.67761746782085,125.0,279.76,319.14028785681904,308.0,340.32,293.61109765583905,125.0,184.92,207.56965096082808,20.0,30.88,34.67145800222425,6.0,20.48,23.94110830071713,48.8,47.88695652173914,27.28731480756424,50.0,46.27826086956522,24.678035072099295,465.0,490.28,386.61258817236325,1694.0,2432.52,1971.6443036207113,775.0,1221.24,1069.6507327160582,9.0,21.84,30.09108395078737,10.0,15.08,17.13164712843845,1.0,7.52,14.911181486835085,8.0,16.08,16.928575447055984,5.0,11.6,13.032011868216408,496.0,535.6,418.3039166284087,18.0,45.36,62.3109674669449,9.0,13.36,11.220813993051783,7.0,11.8,10.637982264821966,1.0,2.28,3.048496897379647,6.0,20.0,34.613340395479504,48.0,56.16,49.39355558504908,10.0,15.48,15.89842759520576,13.0,15.76,16.603915200939806,45.95,48.56666666666666,23.03712819260072
12,Ipswich Town,82.0,79.61666666666666,42.42512335814739,17.0,16.1,8.21835624138701,9.0,11.366666666666667,8.999936142813052,908.0,1018.5333333333333,741.3901543179139,0.0,1.0,2.3044185443591205,0.0,0.7333333333333333,0.9802650357071219,2.0,2.6333333333333333,2.2966742571984735,0.0,0.1,0.30512857662936466,0.55,0.9933333333333333,1.7063640177053487,0.4,0.6633333333333333,0.9433920212441519,7.0,13.933333333333334,17.534071921858867,18.0,25.866666666666667,24.419796002047377,14.0,25.533333333333335,34.803619840800884,0.0,0.08600000000000002,0.15819237524674473,0.0,0.07400000000000001,0.12001724014088343,0.045,0.09499999999999999,0.1177592517779828,0.035,0.060333333333333336,0.06413796193300454,2.29,2.263333333333333,0.42063444144926276,60.0,62.53333333333333,6.576726642740545,5.6,7.433333333333333,8.499607834090543,0.0,0.0,0.0,23.6,29.4375,24.97600261294307,0.09,0.314,0.40976528184668914,0.035,0.06791666666666667,0.08612322651252412,16.15,16.445833333333333,5.451284584681706,194.5,319.23333333333335,290.52659482197254,75.55000000000001,75.17666666666666,8.387991553336864,3996.5,5653.866666666667,5240.764156793018,87.05,87.01666666666667,7.174720147532048,84.5,81.23333333333333,12.194326926706626,47.6,46.525,16.471043615320124,4.5,7.5,10.598470937210545,16.0,24.166666666666668,26.847055105096572,3.0,4.533333333333333,5.929082811742956,0.0,1.3666666666666667,2.760351468542558,18.0,25.866666666666667,24.419796002047377,11.5,17.5,20.16954002518615,1.345,1.5816666666666668,1.2871087174651226,1.0,1.6,1.8864306744895698,0.10500000000000001,0.13933333333333334,0.15798152081664563,11.0,16.5,15.05335338972224,7.0,9.266666666666667,8.509359282713291,12.0,17.2,16.046054408139263,6.5,9.2,9.382301754201714,8.0,11.533333333333333,12.207214750057567,2.0,4.833333333333333,8.461202870927307,5.0,6.7,7.076673677995023,4.5,8.766666666666667,8.744193475686018,365.0,527.1666666666666,435.44476535854795,23.0,80.43333333333334,122.23766656164858,102.5,211.7,229.86850063940227,140.0,209.4,199.44467731765826,95.5,111.56666666666666,119.10027167325724,10.0,16.566666666666666,20.35492541145133,7.0,16.866666666666667,24.929878671479983,47.0,45.309090909090905,12.229546932810642,47.05,45.64090909090909,9.03304299784219,204.5,263.23333333333335,211.56440012983956,1229.5,1473.3,1190.9803307678353,534.5,711.5666666666667,584.3635313583568,7.0,13.933333333333334,17.534071921858867,6.5,9.233333333333333,10.324671935452121,1.5,4.233333333333333,7.304619857622148,10.0,15.266666666666667,19.736074677558378,5.0,9.666666666666666,13.427540749322366,235.0,316.2,266.0888366044642,14.0,25.533333333333335,34.803619840800884,8.0,12.033333333333333,13.817738058650239,7.5,10.966666666666667,11.177203812111115,0.0,1.4,2.7742659793426316,5.5,14.066666666666666,28.014692368572373,33.0,40.266666666666666,33.103738025551856,7.0,14.633333333333333,20.18617371359422,11.0,14.8,15.920925289346894,55.5,52.04,27.03344799216015
13,Newcastle Utd,99.75,103.18181818181819,50.48610026875041,25.5,20.227272727272727,8.8690570615017,15.0,15.0,10.614455552060438,1441.0,1342.5,886.6967458199106,0.0,2.3181818181818183,4.560559318625435,0.5,1.7272727272727273,2.529479867140357,2.0,2.409090909090909,2.5571392294830253,0.0,0.045454545454545456,0.2132007163556105,0.55,2.3272727272727276,3.793124333289407,0.55,1.6727272727272733,2.064710706861933,14.0,26.227272727272727,29.319149955490765,48.5,54.36363636363637,53.33947475462771,25.0,53.77272727272727,60.67472355043802,0.0,0.12636363636363634,0.2163230708816584,0.02,0.09681818181818182,0.13028855753713842,0.1,0.1468181818181818,0.16717217710054744,0.065,0.0977272727272727,0.09566468314760469,1.275,1.275,0.10606601717798222,70.6,70.6,0.14142135623731153,37.5,37.5,17.67766952966369,0.0,0.0,,25.85,22.76,17.50011729284001,0.19,0.35454545454545455,0.4217619196692808,0.0,0.068,0.09611396743888011,14.8,15.765,3.77558291072908,407.5,543.0,444.1931154458878,81.85,80.07727272727273,5.947783245977071,6778.5,9102.40909090909,7805.777138084152,88.5,88.4,5.947788704736448,85.9,86.29090909090908,8.526256873743382,51.5,52.55238095238095,12.12277274585394,8.0,13.863636363636363,15.106906192818393,24.5,40.09090909090909,42.703751469986685,7.0,12.863636363636363,15.645767583920048,0.0,2.3181818181818183,3.9807436926182955,48.5,54.36363636363637,53.33947475462771,26.5,32.72727272727273,31.23212908922297,2.27,2.104545454545455,1.418281076557539,2.5,4.136363636363637,4.911555417927871,0.175,0.2163636363636364,0.2255479139160047,20.5,22.5,20.001785634573444,12.5,14.272727272727273,12.903236279844933,26.0,22.454545454545453,20.699039022384987,9.0,10.636363636363637,9.930930299995898,16.0,16.0,12.754084313139327,2.5,5.363636363636363,6.842064952472522,9.5,10.636363636363637,9.261006088230035,6.0,10.181818181818182,10.293948123308567,736.5,818.5909090909091,622.890394630503,25.0,85.27272727272727,128.41568729944464,127.0,278.72727272727275,299.2021425022255,246.0,340.54545454545456,299.47648405536705,150.5,207.5,194.0926999927514,23.0,36.68181818181818,40.43735468202208,8.5,24.181818181818183,27.84076552661987,43.25,44.254999999999995,23.680226594755112,42.6,41.394999999999996,19.70387284934507,392.5,472.6818181818182,366.8215326238861,2247.0,2526.3636363636365,1930.501749372169,1357.5,1270.5,972.8709477378698,14.0,26.227272727272727,29.319149955490765,15.5,16.363636363636363,15.391851445134563,3.5,9.409090909090908,14.473815737093727,14.0,17.045454545454547,15.917876362090137,7.0,16.90909090909091,19.64908598603457,481.0,538.6818181818181,424.344131052194,25.0,53.77272727272727,60.67472355043802,9.0,14.318181818181818,14.587621509303744,9.0,16.5,22.464257324533502,2.0,2.727272727272727,4.165411066227359,10.5,23.227272727272727,34.645046121764956,41.0,60.31818181818182,51.22814178576567,8.0,16.363636363636363,23.50186508210917,9.5,16.545454545454547,17.551902007169023,50.0,47.67727272727273,24.424595952561578
14,Liverpool,105.0,108.52380952380952,57.24235236921964,25.0,22.238095238095237,8.15416925201312,17.0,16.238095238095237,11.04492988617294,1470.0,1454.952380952381,898.5766231207261,1.0,3.4285714285714284,6.1771468217246435,2.0,2.5714285714285716,3.722518348798681,2.0,2.761904761904762,2.2782616597915597,0.0,0.09523809523809523,0.30079260375911915,1.6,3.314285714285714,5.133447741458533,1.0,2.3761904761904766,2.821330317758763,20.0,32.523809523809526,33.66841108163415,53.0,74.14285714285714,62.88265715941536,49.0,73.38095238095238,98.4212762518736,0.03,0.16904761904761903,0.24995809172548833,0.13,0.15666666666666668,0.1621521918856891,0.07,0.1842857142857143,0.2162306969089132,0.11,0.13476190476190475,0.11914776739910184,1.03,1.03,0.24041630560342614,69.75,69.75,3.0405591591021626,39.05,39.05,1.3435028842544392,100.0,100.0,,32.3,33.50588235294118,12.65525931126242,0.35,0.5147619047619048,0.4819192779669542,0.07,0.07882352941176471,0.07210082809347412,15.1,15.894117647058826,3.649738105028102,538.0,712.7619047619048,582.7071223832694,83.9,82.97619047619047,7.743700973171985,10318.0,12095.857142857143,10285.967719596025,92.3,91.42380952380952,5.87247007330857,89.1,86.75238095238095,9.861319336053318,60.0,60.409523809523826,15.7536314785482,10.0,19.523809523809526,20.370613755159777,30.0,61.714285714285715,65.39124012980855,7.0,16.904761904761905,21.097167492117897,1.0,3.1904761904761907,5.715059471423264,53.0,74.14285714285714,62.88265715941536,32.0,44.23809523809524,41.14475028713233,2.54,2.537619047619047,1.5027005848202255,4.0,6.0,5.890670590009257,0.36,0.36952380952380953,0.28638219550936106,23.0,25.523809523809526,21.602358777733155,14.0,15.571428571428571,13.32505695511816,19.0,26.095238095238095,25.913133276207184,9.0,12.380952380952381,13.24566416030616,9.0,14.238095238095237,13.626829278686813,2.0,3.761904761904762,4.380693574135972,8.0,10.476190476190476,11.711614097207299,6.0,11.952380952380953,15.031554112852705,685.0,1008.3809523809524,755.5896026409096,26.0,90.19047619047619,135.24999779948945,147.0,275.95238095238096,289.5552583170398,264.0,455.6666666666667,429.7362369329975,183.0,285.57142857142856,262.40190003667493,37.0,50.285714285714285,66.15825183387395,15.0,26.047619047619047,32.95523659523049,48.15,56.24499999999999,21.393001191978648,42.6,37.515,19.470524957105372,457.0,583.1904761904761,423.6593701368611,2820.0,2980.285714285714,2156.4896508645047,1265.0,1590.7142857142858,1157.981828132771,20.0,32.523809523809526,33.66841108163415,16.0,21.904761904761905,20.082093421515502,5.0,12.904761904761905,24.001884846621447,19.0,20.904761904761905,23.207552136976364,10.0,13.523809523809524,15.151300431378974,515.0,705.0,526.2766382806669,49.0,73.38095238095238,98.4212762518736,14.0,16.714285714285715,15.264805459431368,11.0,13.857142857142858,12.50714081749188,0.0,2.238095238095238,3.8717536324611603,6.0,27.666666666666668,41.37189061830911,58.0,63.095238095238095,45.319868448512466,9.0,16.142857142857142,23.182505719368894,11.0,14.285714285714286,11.912778253383452,45.9,51.38095238095238,21.96198121863369
15,Aston Villa,67.75,84.46428571428571,44.954077096733364,19.0,17.142857142857142,9.276470775726622,8.5,12.178571428571429,10.5059192184377,850.5,1093.9285714285713,840.1861755133856,0.0,1.6071428571428572,3.0103437199378593,0.0,1.2857142857142858,1.921749643715771,2.0,2.25,2.083888814834561,0.0,0.07142857142857142,0.262265264156481,0.7,1.6642857142857146,2.7746490316213417,0.35,1.25,1.7748239349298849,16.0,21.142857142857142,21.245852380788193,32.0,38.5,41.0749089852692,14.0,38.142857142857146,46.78771149660931,0.0,0.17,0.29329545209945246,0.0,0.09571428571428572,0.14232015477446072,0.08499999999999999,0.1789285714285714,0.2239930436372603,0.060000000000000005,0.09428571428571429,0.12541571085434441,1.725,1.725,0.38890872965260115,60.45,60.45,6.858935777509508,56.65,56.65,61.30615792887367,50.0,50.0,,27.3,30.192000000000004,22.909985450308195,0.16,0.46214285714285713,0.6732142751884129,0.04,0.0756,0.08761088212469194,16.5,16.64,4.906628170138838,358.5,435.92857142857144,377.666414491573,81.85,81.175,7.228525027560885,5233.5,7441.785714285715,7003.198292405501,91.35,89.90714285714284,5.623951989378641,87.05000000000001,86.22500000000001,8.214198412234486,53.45,54.925,15.046265071192671,4.5,10.285714285714286,13.407728956359305,20.5,33.035714285714285,39.55257367929532,5.5,9.214285714285714,11.19641855058073,0.0,1.75,3.513202611947195,32.0,38.5,41.0749089852692,17.0,24.535714285714285,26.006384035117428,1.825,2.0739285714285716,1.4533851654511405,2.0,2.9642857142857144,3.282751136844678,0.16999999999999998,0.23785714285714285,0.2473617405498083,10.0,18.857142857142858,18.58257703635772,5.5,10.785714285714286,11.176553311076896,9.5,16.0,17.174485813641205,4.5,7.035714285714286,7.325663377151855,7.5,9.928571428571429,8.467491523374127,2.0,3.2857142857142856,4.035556254807296,5.5,6.642857142857143,5.87659693482474,5.0,7.214285714285714,7.5980365049240675,586.0,641.3214285714286,509.94292008619135,27.0,76.67857142857143,168.10447667853785,123.0,217.17857142857142,266.88699974880876,214.0,275.10714285714283,263.90154439160665,101.0,155.39285714285714,153.2766415210708,14.5,27.535714285714285,34.339785955519574,16.0,22.142857142857142,27.179396180187243,50.0,51.51111111111111,25.302163685730264,41.2,38.22222222222222,22.90244080598823,342.0,363.5,281.61998298205833,1933.5,2011.9642857142858,1482.8981504483627,984.0,1053.0714285714287,838.5330633986346,16.0,21.142857142857142,21.245852380788193,12.5,13.357142857142858,11.966664455940018,2.0,6.214285714285714,9.711990080449592,7.0,14.964285714285714,18.939439826784238,6.5,11.357142857142858,13.848958473244505,419.5,427.92857142857144,342.40877980386614,14.0,38.142857142857146,46.78771149660931,8.0,12.5,12.732286169856186,8.0,14.678571428571429,16.018631678347585,1.0,1.7142857142857142,2.462415899780552,4.5,17.5,32.48304400988534,36.0,41.464285714285715,32.59457139856397,8.0,11.071428571428571,10.735640095214084,8.0,12.392857142857142,12.876447881807701,50.0,41.407692307692315,23.296350324922965
16,Wolves,98.5,108.06521739130434,57.185961474153075,24.0,20.08695652173913,8.022202392441644,15.0,14.782608695652174,9.472239447886796,1364.0,1327.0,768.7671358031046,1.0,1.8695652173913044,3.3751006426218,1.0,1.5217391304347827,1.8797863809339255,2.0,3.0,2.5761140573281374,0.0,0.08695652173913043,0.28810406552003043,0.7,1.5521739130434782,2.014012179528351,0.8,1.2608695652173914,1.5896652393263586,11.0,21.391304347826086,25.149984873363934,30.0,42.26086956521739,37.53933378508026,28.0,41.608695652173914,44.01522374075379,0.07,0.11478260869565216,0.15400323388627535,0.05,0.10521739130434782,0.1346331569730196,0.07,0.1152173913043478,0.1323517889846255,0.07,0.08043478260869566,0.07870995437043556,2.09,2.09,0.48083261120685244,61.75,61.75,0.3535533905932738,12.5,12.5,17.67766952966369,10.0,10.0,14.142135623730951,28.6,31.97619047619048,17.462700385733722,0.25,0.36173913043478256,0.4037061507166843,0.07,0.09238095238095238,0.10967701499880281,17.8,17.766666666666666,5.110805546421555,423.0,497.6521739130435,355.24288857262565,80.4,77.58695652173914,8.858088463393017,8523.0,8550.95652173913,5613.073639267696,90.4,88.17826086956522,6.933905925479463,86.3,84.38260869565217,9.751720229314929,56.5,51.45217391304348,19.171377092028184,10.0,11.043478260869565,11.09249648460028,22.0,36.21739130434783,30.891241067712986,4.0,9.869565217391305,11.262586283903511,1.0,2.391304347826087,2.8878921289786086,30.0,42.26086956521739,37.53933378508026,18.0,26.26086956521739,24.07793669675877,1.74,1.776521739130435,1.014873967525266,3.0,3.3043478260869565,3.036666572661178,0.17,0.24304347826086956,0.22582041905035746,18.0,28.08695652173913,24.23542306676936,12.0,16.391304347826086,15.278443312050008,15.0,23.695652173913043,20.68252398569798,6.0,10.73913043478261,11.576690496245021,13.0,16.130434782608695,11.698113087262046,4.0,5.391304347826087,5.408235558637171,9.0,10.73913043478261,9.578467287260658,9.0,11.0,8.872839045495683,671.0,776.304347826087,497.91423456277806,55.0,93.0,134.328295266079,304.0,273.1304347826087,221.48472230255234,274.0,349.5217391304348,274.5561491778747,119.0,163.04347826086956,165.9133065683482,18.0,25.391304347826086,28.188874546908462,12.0,24.608695652173914,30.741945183671927,45.6,43.41428571428572,25.654498352419324,40.4,44.0904761904762,26.714675831121458,382.0,424.5652173913044,264.04335492610375,1819.0,2325.8260869565215,1550.606410765388,938.0,1201.5652173913043,820.339886659346,11.0,21.391304347826086,25.149984873363934,12.0,16.08695652173913,19.237541525687977,2.0,5.217391304347826,7.827437301157852,14.0,20.47826086956522,20.377950573235214,10.0,12.565217391304348,13.276178553938156,443.0,493.5217391304348,318.23517169842944,28.0,41.608695652173914,44.01522374075379,14.0,17.695652173913043,15.861430586083785,8.0,14.73913043478261,14.37237688732467,1.0,2.347826086956522,2.9635466413829517,10.0,19.52173913043478,27.36598679385746,40.0,58.21739130434783,43.54825591094752,10.0,16.0,15.637949179654425,12.0,17.0,17.64549903980152,40.9,47.19565217391303,23.713794954545868
17,Nott'ham Forest,105.5,115.97619047619048,47.00677509425535,27.0,22.714285714285715,8.911469335316468,17.0,16.238095238095237,11.592690636365493,1726.0,1456.7619047619048,958.7282151246986,1.0,2.380952380952381,4.055566427469664,1.0,1.7142857142857142,2.390457218668787,2.0,3.1904761904761907,2.619523766241635,0.0,0.09523809523809523,0.30079260375911915,1.4,1.880952380952381,2.4715620663092897,1.1,1.361904761904762,1.3562729041296189,13.0,24.952380952380953,31.124710746408855,33.0,42.857142857142854,38.846216951314204,19.0,42.42857142857143,53.141858669575555,0.05,0.13095238095238096,0.17595183323582514,0.07,0.10142857142857142,0.11820684050788746,0.08,0.1219047619047619,0.14165518160727647,0.07,0.09523809523809523,0.09080853746311784,1.19,1.19,,74.3,74.3,,41.9,41.9,,0.0,0.0,,40.0,40.647368421052626,25.486453230012486,0.32,0.45428571428571424,0.4295994812446988,0.06,0.08578947368421054,0.08770631482862971,18.5,18.605263157894733,6.126941749737659,410.0,409.8095238095238,300.052931838304,78.3,74.17142857142856,8.498773020686155,5916.0,6982.666666666667,5561.637243953738,88.1,85.97619047619048,7.6015067428704395,82.0,78.60000000000001,11.367365569911087,46.2,46.68095238095238,18.511391602135674,11.0,13.380952380952381,14.179126173626466,25.0,35.904761904761905,33.080061611044144,7.0,9.285714285714286,9.793583905511083,1.0,2.238095238095238,3.0315798175994293,33.0,42.857142857142854,38.846216951314204,26.0,31.761904761904763,29.94646016126908,1.79,2.052857142857143,1.3541349373572151,2.0,3.8095238095238093,4.697010193932387,0.19,0.24333333333333335,0.2525338261170834,21.0,26.857142857142858,23.00714174834787,12.0,16.428571428571427,14.613594453697653,20.0,25.571428571428573,24.1445054382388,7.0,12.714285714285714,12.578326029893077,11.0,17.19047619047619,16.70215269843695,4.0,6.333333333333333,9.499122766515512,8.0,10.857142857142858,9.603570764490229,12.0,12.571428571428571,10.337172865786025,875.0,724.5714285714286,492.0689556788328,30.0,96.0,158.4294795800327,155.0,247.61904761904762,257.1329376393612,247.0,288.23809523809524,229.68911701730772,144.0,198.23809523809524,188.8880368794977,21.0,31.142857142857142,29.319423108727285,11.0,24.428571428571427,26.183146160405222,40.3,49.650000000000006,25.16520122989634,38.15,38.87222222222222,22.861599078330034,357.0,334.3809523809524,238.05744604831756,1406.0,1934.095238095238,1544.614479563166,821.0,1033.4285714285713,907.6975031048929,13.0,24.952380952380953,31.124710746408855,9.0,15.904761904761905,16.46482542241114,2.0,7.571428571428571,11.70714067811363,17.0,22.476190476190474,21.880628527579017,9.0,12.523809523809524,11.715882585699838,452.0,406.85714285714283,290.51046206880153,19.0,42.42857142857143,53.141858669575555,11.0,15.571428571428571,12.395851840722479,9.0,16.095238095238095,14.875835310680074,1.0,3.4761904761904763,5.240410743625423,8.0,22.666666666666668,34.614062652819776,43.0,61.57142857142857,47.74680243594479,14.0,21.61904761904762,23.72651721276469,18.0,21.38095238095238,23.990573545616183,43.8,47.12857142857143,18.961385573241817
18,Tottenham,116.5,113.22222222222223,57.011526050125184,18.0,17.185185185185187,8.871029066300974,13.0,12.592592592592593,7.776984086487608,1244.0,1131.111111111111,668.4750920699654,0.0,2.037037037037037,3.1923162736300412,1.0,1.5555555555555556,2.24179415327122,2.0,2.2222222222222223,2.275848672360968,0.0,0.037037037037037035,0.19245008972987523,0.7,1.9074074074074077,2.8308636798315057,0.5,1.437037037037037,2.015545001338758,15.0,26.074074074074073,28.138292996618198,43.0,51.111111111111114,44.56484759342997,27.0,50.74074074074074,67.4967763290575,0.0,0.13222222222222224,0.1884416525353575,0.05,0.12000000000000001,0.15980757659905095,0.09,0.1388888888888889,0.1515137295970575,0.04,0.10333333333333332,0.11717836502857185,1.75,1.6666666666666667,0.5200320502943384,69.0,66.13333333333333,8.759185654690356,21.1,20.133333333333333,5.41510233821424,0.0,0.0,,37.35,34.90416666666667,20.42782584712773,0.23,0.4166666666666667,0.41452475104723147,0.03,0.0775,0.09669539802906857,16.4,15.924999999999997,5.067050424063293,611.0,522.3333333333334,346.29022954297034,84.8,81.36666666666667,8.316295403048718,9833.0,8609.592592592593,5943.205987054328,91.5,89.91851851851851,6.800850457962367,90.3,84.89629629629631,10.728448216755353,55.0,55.82592592592592,15.778700165646692,6.0,12.37037037037037,16.772569520472654,32.0,40.48148148148148,36.21343818823484,7.0,12.11111111111111,16.113380329435085,1.0,2.6296296296296298,4.3513759817410556,43.0,51.111111111111114,44.56484759342997,15.0,28.22222222222222,35.10679677052835,1.66,1.9311111111111112,1.5596531501324098,2.0,3.5185185185185186,4.492475507149281,0.2,0.26185185185185184,0.27082547654613065,12.0,20.85185185185185,19.675646218893398,6.0,13.222222222222221,13.153921127391675,14.0,18.814814814814813,16.95023720514086,7.0,9.185185185185185,8.091006579183302,15.0,13.444444444444445,11.16427452372189,4.0,4.62962962962963,4.805030602225036,9.0,8.814814814814815,8.334529828633853,8.0,9.592592592592593,9.970183468951733,808.0,758.3333333333334,488.58839055447834,42.0,77.85185185185185,101.44938249184767,200.0,246.03703703703704,205.25321724855664,347.0,319.25925925925924,239.1529270302216,130.0,200.59259259259258,219.99217805312622,20.0,32.7037037037037,41.08697605251087,17.0,25.296296296296298,27.53712852302228,43.45,43.880769230769225,24.930608002706542,48.4,43.146153846153844,24.09657620109929,536.0,476.962962962963,295.7940397643502,2661.0,2604.5555555555557,1595.2243231049486,1305.0,1302.0,825.3278136595179,15.0,26.074074074074073,28.138292996618198,17.0,17.814814814814813,16.62721827198968,4.0,8.222222222222221,11.672892111915122,13.0,16.185185185185187,17.173407522269013,8.0,13.037037037037036,15.415979425661595,550.0,518.1111111111111,324.3953349438511,27.0,50.74074074074074,67.4967763290575,9.0,13.222222222222221,11.839741854427704,10.0,14.851851851851851,14.373329210471477,1.0,1.8148148148148149,2.646289667222582,8.0,23.22222222222222,39.16663938897032,52.0,51.77777777777778,38.72122587591117,8.0,12.62962962962963,12.33240929779413,11.0,12.88888888888889,12.172899703007792,50.0,50.5,22.96962877701436
19,Chelsea,86.5,94.32,56.465859891914626,18.0,17.96,9.680220383166215,12.0,13.64,10.094883192324055,1172.0,1220.72,882.0469809860848,1.0,2.12,3.431714828867146,1.0,1.6,1.9578900207451218,3.0,3.52,3.001666203960727,0.0,0.04,0.2,0.6,2.376,3.915916240166534,1.1,1.796,2.187365233943949,10.0,27.8,34.495168743849725,30.0,51.36,53.59717032331713,11.0,50.16,65.55702352405372,0.04,0.12,0.1535143858622594,0.07,0.1096,0.11024518130059019,0.08,0.1568,0.18858508247826322,0.09,0.1392,0.14361174510928182,1.31,1.31,0.268700576850888,74.6,74.6,4.525483399593898,22.35,22.35,7.990306627407988,10.0,10.0,14.142135623730951,26.45,27.5,22.99755680605266,0.23,0.4216,0.5130601004430833,0.07500000000000001,0.08772727272727272,0.11216195001114697,14.8,14.909090909090908,4.669649634140415,400.0,600.24,520.3204365260573,84.9,84.17599999999999,6.654464666673044,5899.0,10360.12,9320.589087784812,92.0,91.09199999999998,5.796185527281428,91.2,88.68,7.437069315261221,59.1,59.976000000000006,13.905642739550013,6.0,14.88,18.886326623600826,23.0,49.8,51.89332005823742,5.0,11.08,14.413304039439858,0.0,2.04,3.8131351929875237,30.0,51.36,53.59717032331713,15.0,34.76,40.90464521298284,1.74,2.1612,1.5677247845205484,2.0,3.72,4.1182520563948,0.19,0.23159999999999997,0.21576762191456497,12.0,18.92,21.24641146170336,8.0,11.96,13.198737313344283,12.0,17.92,19.83456578803781,6.0,9.0,10.44030650891055,9.0,11.76,12.090905673273612,1.0,3.48,5.148786264742401,6.0,8.28,8.932711421138226,7.0,9.0,9.97914491994847,703.0,833.32,672.88153489303,19.0,78.44,160.82679088593,119.0,252.08,295.808062770439,209.0,377.76,370.98722799219564,100.0,210.24,226.39167387516707,12.0,36.72,45.163148694483205,12.0,25.84,30.47086039699787,40.4,44.45652173913044,18.76832016716555,40.0,39.42173913043479,23.898819988399946,358.0,482.24,369.21868858442144,2217.0,2556.32,1916.8383412971127,1188.0,1352.04,1019.6282198265535,10.0,27.8,34.495168743849725,10.0,16.16,17.123765162292237,1.0,10.08,18.2206842169369,6.0,14.96,16.868313490091417,5.0,10.12,10.588200980336556,442.0,595.48,474.997905258539,11.0,50.16,65.55702352405372,8.0,14.36,14.508273501695507,11.0,14.88,15.24062553396896,1.0,2.08,3.7518884134081953,3.0,20.56,33.894542333538006,37.0,50.96,44.41140994534325,8.0,13.08,15.08011936292283,6.0,12.56,12.990637654351946,43.8,49.175000000000004,24.674476339097772
20,Brentford,129.0,121.925,54.52480724645579,24.0,21.7,9.744634151000339,20.0,17.05,11.55068920249487,1834.0,1525.0,971.5610336490771,0.5,2.55,4.616617581599849,1.0,1.6,2.3708759207472134,2.0,2.1,1.4104870379448817,0.0,0.05,0.22360679774997894,0.9500000000000001,2.415,3.6761356999178534,1.2,1.7349999999999999,2.1034495477667154,12.0,24.6,29.91109633916026,50.0,56.05,49.53624404094653,30.0,55.1,70.98176192738377,0.02,0.11499999999999999,0.18423383311204786,0.05,0.077,0.09814597077286143,0.065,0.126,0.16155168636823652,0.07500000000000001,0.09300000000000001,0.08429896671652437,1.385,1.385,0.2050609665440988,62.05,62.05,17.04127342659579,58.35,58.35,58.90199487283942,0.0,0.0,,33.3,31.88235294117647,16.288271673742646,0.16999999999999998,0.328,0.3723410999833917,0.07,0.08,0.08162413858657255,15.1,15.923529411764704,4.268859539116494,440.5,551.2,398.57187161427396,77.35,76.97999999999999,7.865621399482688,7214.5,10054.05,8391.955555768869,87.35,86.985,7.686986611013104,82.45,82.46000000000001,9.965804691940074,54.95,55.68000000000001,13.702769600954475,7.5,13.4,15.782735404298752,40.5,45.75,36.39819978197303,6.5,13.35,16.909278051132944,2.0,3.65,4.923359999452663,50.0,56.05,49.53624404094653,21.0,32.05,32.30198788081984,1.6749999999999998,1.8450000000000002,1.1705127081753532,2.0,4.35,5.060424363315996,0.19,0.23650000000000002,0.22191214477806298,26.0,25.3,20.903537852163737,16.5,15.1,12.199654870010399,22.5,23.45,18.91108001591715,9.0,10.9,9.250320051362092,18.5,20.05,17.328027190531227,3.0,8.15,11.85560049756632,12.5,11.9,9.14733208157036,8.0,11.95,11.11885548824253,734.5,883.25,592.375047894846,45.5,137.5,263.69489945768765,217.5,344.4,383.33775130939995,318.5,328.3,246.68349634383944,149.0,218.45,211.2330902606233,27.0,40.3,41.5212057425575,13.0,25.6,30.879050980781198,47.5,47.93333333333334,19.55751698422464,42.65,42.31111111111111,16.118636962111278,405.5,466.5,318.29273186470147,2463.0,2532.35,1834.400641397046,1151.5,1287.5,1018.4638329108052,12.0,24.6,29.91109633916026,9.5,15.15,17.803828683445413,1.0,8.7,16.31305579815395,13.5,21.25,23.103599628401494,8.0,12.35,12.70422639994473,493.5,543.35,362.61611933282836,30.0,55.1,70.98176192738377,9.5,12.25,9.61837605288631,10.0,14.05,12.462469975680458,1.0,3.0,4.304220694791763,12.5,27.7,40.48404494040636,54.5,67.15,50.483217638715296,15.5,25.9,28.179686599430187,17.0,23.05,22.04654167891191,55.7,54.589999999999996,19.881197147053292
21,Arsenal,91.5,99.18181818181819,53.358523542467275,21.0,20.545454545454547,7.657721112752321,15.0,15.5,9.752899446782358,1333.5,1384.7727272727273,841.3609684438536,2.0,2.4545454545454546,2.539727633077305,1.0,1.9545454545454546,2.458750606599731,2.5,2.8181818181818183,1.867934016280417,0.0,0.22727272727272727,0.5284134548067254,1.55,2.286363636363636,2.4002570208695913,0.8,1.7272727272727273,1.9857064997200122,21.0,31.181818181818183,29.378703598154647,52.0,67.54545454545455,55.66457989193357,47.5,66.63636363636364,67.68241345363721,0.1,0.15545454545454546,0.16537769967496688,0.08,0.13136363636363638,0.1727452143791807,0.1,0.15636363636363637,0.1420444415548295,0.08499999999999999,0.13545454545454547,0.17031419907607942,0.84,0.84,,77.0,77.0,,35.5,35.5,,0.0,0.0,,28.6,29.35714285714285,23.805683595069716,0.215,0.4063636363636364,0.41585878389007025,0.1,0.14666666666666667,0.21952980055867888,14.1,14.414285714285716,5.007423061244747,410.5,617.2727272727273,508.8195659065703,81.1,81.32727272727273,6.445462177686151,6057.0,10111.136363636364,8980.094342995006,90.85,90.46363636363635,4.996622235694208,85.9,83.65454545454546,9.268622298236092,52.55,54.53181818181818,10.699460883776492,9.5,15.318181818181818,15.440782004735022,33.5,50.40909090909091,48.22828560572657,8.5,15.590909090909092,15.601157133241875,1.5,2.772727272727273,3.36553707851211,52.0,67.54545454545455,55.66457989193357,20.5,34.90909090909091,30.041097391199486,2.28,2.4849999999999994,1.5365104248635235,3.0,4.318181818181818,5.065159835172445,0.245,0.2813636363636363,0.3106873402258666,18.5,22.863636363636363,19.96018764714127,11.5,13.409090909090908,12.12890718945403,20.0,19.5,14.073785154372244,10.0,9.681818181818182,6.799064106718859,10.0,12.363636363636363,10.435951844900918,1.5,4.0,6.590035768383312,7.5,8.363636363636363,6.7227081741516335,5.0,8.5,8.192621535201514,713.0,878.6363636363636,621.4816049420813,22.5,67.77272727272727,150.40356246356535,109.5,224.54545454545453,298.9919137738753,255.5,380.95454545454544,352.5267267507431,223.5,280.0,213.1965335195718,32.5,46.90909090909091,42.68925267994621,22.0,27.818181818181817,27.261758255906077,44.1,46.25454545454546,23.120650989202318,38.9,39.877272727272725,20.966434213675047,372.0,510.04545454545456,369.91523833140957,2119.0,2716.409090909091,1845.8119818373625,1118.5,1436.9545454545455,985.9010129619033,21.0,31.181818181818183,29.378703598154647,14.0,18.772727272727273,16.177385209229342,4.0,10.5,13.315762231638255,15.0,17.818181818181817,14.036131483175378,12.0,14.227272727272727,12.216038708665003,489.5,611.0454545454545,445.4617163041519,47.5,66.63636363636364,67.68241345363721,13.0,15.818181818181818,10.808446272360836,15.0,15.181818181818182,11.379331152979839,1.0,3.1818181818181817,3.737026620907051,10.5,29.5,39.66616646343281,43.0,53.18181818181818,36.29329777250151,9.5,18.5,19.217427606459815,15.0,17.545454545454547,17.396571289788476,52.45,49.16818181818181,19.322264147218664
