Player,Nation,Squad,Position,Age,Matches,Playing_Time_Starts,Minutes,Performance_Gls,Performance_Ast,Yellow_Cards,Red_Cards,Expected_xG,Expected_xAG,Progression_PrgC,Progression_PrgP,Progression_PrgR,Per_90_Minutes_Gls,Per_90_Minutes_Ast,Per_90_Minutes_xG,Per_90_Minutes_xAG,Goals_Against_Per90,Save_Percentage,CleanSheet_Percentage,Penalty_Save_Percentage,Shots_On_Target_Percentage,Shots_On_Target_Per90,Goals_PerShot,Shooting_Distance,Total_Passes_Completed,Total_Passes_Completed_Percentage,Total_Passing_Distance,Short_Passe_Completed_Percentage,Medium_Passes_Completed_Percentage,Long_Passes_Completed_Percentage,Keypasses,Passes_Into_Final_Third,Passes_Into_Penalty_Area,Crossed_Into_Penalty_Area,Progressive_Passes,Shot_Creating_Actions,Shot_Creating_Actions_Per90,Goal_Creating_Actions,Goal_Creating_Actions_Per90,Tackles,Tackles_Won,Defensive_Actions_Attempted,Defensive_Actions_Lost,Blocks,Shots_Blocked,Passes_Blocked,Interceptions,Touches,Touches_Defensive_Penalty_Area,Touches_Def_3rd,Touches_Mid_3rd,Touches_Att_3rd,Touches_Att_Pen,Take_Ons_Attempted,Take_Ons_Success_Percentage,Take_Ons_Tackled_Percentage,Carries,Total_Carrying_Distance,Progressive_Carrying_Distance,Progressive_Carries,Carries_Into_Final_Third,Carries_Into_Penalty_Area,Miscontrols,Dispossessions,Receiving,Progressive_Receiving,Fouls,Fouled,Offsides,Crosses,Recoveries,Aerial_Duels_Won,Aerial_Duels_Lost,Aerial_Duels_Wonpct
Aaron Ramsdale,ENG,Southampton,GK,26-335,24,24,2160.0,0,0,2,0,0.0,0.0,0,0,0,0.00,0.00,0.00,0.00,2.37,67.5,8.3,28.6,N/a,0.00,N/a,N/a,655,65.5,18107,100.0,95.8,39.4,0,30,1,0,0,2,0.08,0,0.00,0,0,2,2,0,0,0,2,1076,783,1064,14,0,0,0,N/a,N/a,668,3391,1960,0,0,0,2,0,606,0,1,3,0,0,17,4,0,100.0
Aaron Wan-Bissaka,ENG,West Ham,DF,27-139,31,30,2704.0,2,2,1,0,1.0,2.7,93,118,131,0.07,0.07,0.03,0.09,N/a,N/a,N/a,N/a,30.8,0.13,0.15,15.5,1234,80.9,17639,89.7,82.1,47.9,27,85,27,11,118,75,2.50,5,0.17,61,43,26,7,31,9,22,57,1900,134,610,808,509,38,95,53.7,34.7,887,5707,3193,93,54,12,28,20,1090,131,22,23,4,61,153,22,28,44.0
Abdoulaye Doucouré,MLI,Everton,MF,32-103,28,27,2245.0,3,1,5,1,3.6,2.3,36,70,87,0.12,0.04,0.14,0.09,N/a,N/a,N/a,N/a,30.8,0.32,0.12,13.9,637,79.7,9630,85.1,82.7,73.1,26,41,13,0,70,50,2.00,2,0.08,42,25,33,21,29,6,23,7,1023,30,210,465,362,50,36,50.0,50.0,540,2680,1261,36,22,6,32,32,658,87,44,5,8,22,131,28,38,42.4
Adam Armstrong,ENG,Southampton,"FW,MF",28-063,20,15,1248.0,2,2,4,0,3.3,1.2,25,21,79,0.14,0.14,0.24,0.09,N/a,N/a,N/a,N/a,28.0,0.50,0.08,16.6,231,80.2,3320,87.3,85.3,46.2,9,10,8,2,21,19,1.37,4,0.29,12,3,14,11,6,1,5,3,377,11,44,143,192,49,14,42.9,57.1,235,1324,599,25,13,6,11,18,286,79,12,5,9,14,23,5,9,35.7
Adam Smith,ENG,Bournemouth,DF,33-350,19,14,1146.0,0,0,5,0,0.6,0.2,10,33,19,0.00,0.00,0.05,0.01,N/a,N/a,N/a,N/a,0.0,0.00,0.00,10.2,344,75.4,5606,86.3,79.8,33.9,5,33,5,2,33,14,1.10,1,0.08,18,9,21,11,10,3,7,12,562,31,181,258,127,3,12,33.3,41.7,241,935,436,10,13,0,10,5,256,19,13,9,0,23,38,9,12,42.9
Adam Wharton,ENG,Crystal Palace,MF,20-316,16,13,1088.0,0,1,2,0,0.3,2.8,11,100,10,0.00,0.08,0.02,0.23,N/a,N/a,N/a,N/a,50.0,0.41,0.00,25.0,469,77.1,8908,83.3,81.8,67.4,23,68,17,5,100,52,4.31,5,0.41,33,14,39,23,10,2,8,16,729,24,172,386,174,8,9,22.2,77.8,358,1627,829,11,16,2,13,12,453,10,10,18,0,29,81,7,15,31.8
Adama Traoré,ESP,Fulham,"FW,MF",29-079,29,16,1482.0,2,5,2,0,3.8,4.1,80,56,135,0.12,0.30,0.23,0.25,N/a,N/a,N/a,N/a,31.4,0.67,0.06,14.3,355,71.9,5579,80.4,74.1,56.8,32,31,26,14,56,66,4.01,8,0.49,15,10,13,8,6,0,6,1,676,2,71,242,383,82,83,48.2,38.6,461,3815,2097,80,39,32,30,18,520,135,19,29,1,82,72,23,22,51.1
Alejandro Garnacho,ARG,Manchester Utd,"MF,FW",20-287,31,20,1876.0,5,1,2,0,6.2,2.8,122,47,249,0.24,0.05,0.30,0.13,N/a,N/a,N/a,N/a,37.5,1.30,0.07,16.9,539,79.4,7606,89.3,82.1,59.1,26,19,21,3,47,64,3.07,4,0.19,27,17,29,19,16,0,16,10,967,13,113,313,557,141,76,28.9,61.8,702,5356,2758,122,62,58,51,41,736,249,9,36,9,42,100,3,22,12.0
Alex Iwobi,NGA,Fulham,"FW,MF",28-346,31,29,2463.0,8,5,1,0,4.1,6.2,119,171,202,0.29,0.18,0.15,0.23,N/a,N/a,N/a,N/a,43.9,0.91,0.14,18.3,935,74.6,16156,86.1,77.7,55.8,51,94,68,13,171,109,3.98,15,0.55,36,20,27,10,22,1,21,10,1533,31,211,615,731,98,80,50.0,45.0,1088,6599,3621,119,90,34,52,37,1192,202,15,16,4,98,119,4,27,12.9
Alexander Isak,SWE,Newcastle Utd,FW,25-205,28,28,2265.0,20,6,1,0,16.6,4.0,74,73,180,0.79,0.24,0.66,0.16,N/a,N/a,N/a,N/a,44.0,1.31,0.24,14.4,425,73.4,6068,82.4,77.2,62.9,37,32,23,1,73,80,3.18,14,0.56,12,5,12,7,17,2,15,3,864,19,52,322,504,156,83,49.4,49.4,524,3280,1672,74,39,40,57,48,610,180,24,12,19,14,50,23,44,34.3
Alexis Mac Allister,ARG,Liverpool,MF,26-111,31,28,2381.0,4,4,6,0,2.7,4.3,31,158,72,0.15,0.15,0.10,0.16,N/a,N/a,N/a,N/a,34.3,0.45,0.11,18.2,1165,83.5,18587,89.9,88.3,57.2,38,112,32,1,158,108,4.08,14,0.53,85,51,91,43,57,5,52,20,1702,50,257,892,569,55,39,38.5,51.3,834,3413,1781,31,38,3,26,20,1132,72,58,38,2,70,132,18,31,36.7
Alisson,BRA,Liverpool,GK,32-194,22,22,1968.0,0,0,0,0,0.0,0.6,0,0,0,0.00,0.00,0.00,0.03,0.87,72.1,36.4,N/a,N/a,0.00,N/a,N/a,564,82.5,12593,98.8,98.7,47.1,1,10,0,0,0,6,0.27,1,0.05,1,0,1,1,0,0,0,0,726,534,712,14,0,0,1,100.0,0.0,465,1862,1093,0,0,0,1,0,430,0,0,1,0,0,38,6,0,100.0
Alphonse Areola,FRA,West Ham,GK,32-046,21,20,1810.0,0,0,0,0,0.0,0.0,0,0,0,0.00,0.00,0.00,0.00,1.69,62.2,20.0,N/a,N/a,0.00,N/a,N/a,560,69.7,15101,99.1,94.8,43.4,0,7,0,0,0,3,0.15,0,0.00,2,2,3,1,0,0,0,0,852,688,846,7,0,0,0,N/a,N/a,479,1981,1066,0,0,0,0,0,441,0,0,0,0,0,23,2,0,100.0
Amad Diallo,CIV,Manchester Utd,"FW,MF",22-277,22,17,1594.0,6,6,3,0,4.1,3.9,92,53,159,0.34,0.34,0.23,0.22,N/a,N/a,N/a,N/a,32.5,0.73,0.15,17.7,658,82.9,9051,90.4,85.3,52.4,39,25,29,5,53,80,4.52,16,0.90,33,26,26,11,10,0,10,11,1012,13,150,374,504,109,72,50.0,44.4,656,4482,2294,92,46,52,35,32,714,159,19,23,9,38,93,9,15,37.5
Amadou Onana,BEL,Aston Villa,MF,23-241,20,16,1254.0,2,0,4,0,1.9,0.3,20,57,13,0.14,0.00,0.13,0.02,N/a,N/a,N/a,N/a,33.3,0.36,0.13,14.8,560,88.6,8829,94.7,90.2,71.4,7,48,8,1,57,23,1.65,4,0.29,45,24,24,10,13,6,7,23,791,54,206,473,125,17,16,62.5,18.8,445,2285,1212,20,19,1,10,8,534,13,28,23,0,1,61,22,17,56.4
Andreas Pereira,BRA,Fulham,MF,29-103,28,20,1676.0,2,4,7,0,3.4,3.9,21,96,71,0.11,0.21,0.18,0.21,N/a,N/a,N/a,N/a,25.0,0.43,0.06,21.8,590,69.3,10713,83.3,79.0,41.3,49,60,19,4,96,91,4.89,8,0.43,22,12,37,27,15,2,13,8,1002,16,145,416,456,34,27,44.4,25.9,511,2335,1114,21,31,6,20,19,593,71,23,21,1,141,90,12,17,41.4
Andrew Robertson,SCO,Liverpool,DF,31-034,30,26,2218.0,0,0,3,1,0.9,4.1,57,163,90,0.00,0.00,0.04,0.17,N/a,N/a,N/a,N/a,16.7,0.08,0.00,15.0,1405,83.2,23582,94.4,87.0,46.7,38,139,27,15,163,73,2.96,3,0.12,38,22,47,17,9,4,5,20,1877,85,475,856,559,47,18,38.9,55.6,998,4423,2541,57,48,6,24,10,1255,90,10,7,2,131,89,6,12,33.3
André,BRA,Wolves,MF,23-272,27,25,1997.0,0,0,6,0,0.3,0.6,8,86,11,0.00,0.00,0.01,0.03,N/a,N/a,N/a,N/a,14.3,0.05,0.00,22.5,968,92.6,15396,95.1,95.1,79.7,12,91,4,0,86,41,1.85,3,0.14,64,41,51,23,40,8,32,28,1268,78,347,821,114,3,24,50.0,33.3,701,2942,1289,8,14,0,25,14,851,11,32,30,0,0,156,2,6,25.0
André Onana,CMR,Manchester Utd,GK,29-012,31,31,2790.0,0,0,0,0,0.0,0.2,0,1,0,0.00,0.00,0.00,0.01,1.32,69.8,29.0,25.0,N/a,0.00,N/a,N/a,868,72.8,20571,99.0,99.2,36.0,1,23,0,0,1,4,0.13,0,0.00,1,1,3,2,0,0,0,0,1256,951,1235,22,0,0,0,N/a,N/a,889,4545,2530,0,0,0,1,0,768,0,0,2,0,0,29,6,0,100.0
Anthony Elanga,SWE,Nott'ham Forest,FW,22-352,32,25,2007.0,6,8,1,0,3.9,4.3,79,47,162,0.27,0.36,0.18,0.19,N/a,N/a,N/a,N/a,45.7,0.72,0.17,16.8,418,65.2,6008,84.1,63.4,33.7,39,26,22,6,47,81,3.64,13,0.58,17,12,16,12,9,1,8,5,886,29,124,254,524,86,71,31.0,45.1,462,3604,2068,79,41,36,64,34,583,162,6,32,12,140,77,21,32,39.6
Anthony Gordon,ENG,Newcastle Utd,FW,24-049,27,25,2121.0,6,5,2,0,7.8,4.9,104,88,188,0.25,0.21,0.33,0.21,N/a,N/a,N/a,N/a,28.8,0.64,0.10,16.2,618,72.1,9497,85.4,77.0,41.1,49,56,49,16,88,96,4.08,12,0.51,30,17,33,21,24,2,22,6,1109,16,110,416,601,122,93,37.6,45.2,712,5234,2813,104,52,54,28,34,793,188,19,58,7,116,89,5,7,41.7
Antoine Semenyo,GHA,Bournemouth,FW,25-097,30,30,2645.0,7,4,9,0,8.9,5.2,124,93,242,0.24,0.14,0.30,0.18,N/a,N/a,N/a,N/a,31.3,1.19,0.06,17.2,659,72.8,9379,84.8,74.9,38.4,40,43,39,7,93,112,3.81,11,0.37,50,32,40,26,54,7,47,7,1361,36,162,472,759,169,116,51.7,42.2,817,6173,3060,124,61,62,72,63,948,242,62,32,14,50,134,56,66,45.9
Antonee Robinson,USA,Fulham,DF,27-249,31,30,2719.0,0,10,7,0,0.7,4.0,106,112,238,0.00,0.33,0.02,0.13,N/a,N/a,N/a,N/a,12.5,0.07,0.00,22.1,1395,76.7,23848,86.8,79.4,55.9,40,105,50,26,112,73,2.42,11,0.36,82,54,82,39,34,5,29,53,2196,112,688,849,691,58,71,45.1,39.4,1170,6454,3747,106,55,26,38,16,1317,238,28,17,5,146,131,42,23,64.6
Archie Gray,ENG,Tottenham,"DF,MF",19-033,23,14,1346.0,0,0,0,0,0.0,0.1,5,31,15,0.00,0.00,0.00,0.01,N/a,N/a,N/a,N/a,100.0,0.07,0.00,24.6,900,88.8,15780,92.5,93.0,61.4,2,37,0,0,31,5,0.33,0,0.00,12,6,16,10,19,10,9,10,1117,133,542,507,78,2,9,44.4,44.4,788,3612,1492,5,5,0,7,10,849,15,9,11,0,12,56,9,8,52.9
Arijanet Muric,KVX,Ipswich Town,GK,26-158,18,18,1620.0,0,0,1,0,0.0,0.0,0,1,0,0.00,0.00,0.00,0.00,1.83,70.0,5.6,0.0,N/a,0.00,N/a,N/a,454,71.7,11705,100.0,97.3,40.6,0,14,0,0,1,1,0.06,0,0.00,0,0,2,2,0,0,0,0,689,559,672,18,0,0,0,N/a,N/a,405,2088,1178,0,0,0,3,1,321,0,0,4,0,0,26,11,1,91.7
Ashley Young,ENG,Everton,"DF,FW",39-279,27,17,1586.0,1,3,6,1,0.3,1.6,19,81,25,0.06,0.17,0.02,0.09,N/a,N/a,N/a,N/a,50.0,0.17,0.17,24.5,591,69.7,10908,87.6,75.7,40.8,19,68,17,8,81,36,2.04,6,0.34,50,28,49,18,10,3,7,22,1015,51,311,433,276,9,14,35.7,50.0,397,2047,1176,19,24,1,8,1,513,25,24,17,0,63,60,10,10,50.0
Axel Tuanzebe,COD,Ipswich Town,DF,27-151,17,16,1355.0,0,1,5,1,0.2,0.3,8,45,8,0.00,0.07,0.01,0.02,N/a,N/a,N/a,N/a,0.0,0.00,0.00,15.7,511,83.0,7878,90.8,82.0,57.5,4,49,2,0,45,11,0.73,2,0.13,28,16,24,8,13,6,7,21,749,75,318,336,101,6,10,40.0,60.0,322,1446,703,8,6,1,11,1,392,8,12,11,0,6,41,12,16,42.9
Bart Verbruggen,NED,Brighton,GK,22-239,30,30,2700.0,0,1,5,0,0.0,0.0,0,2,0,0.00,0.03,0.00,0.00,1.60,64.7,20.0,0.0,N/a,0.00,N/a,N/a,871,78.3,20436,99.2,98.1,46.9,1,15,1,0,2,5,0.17,1,0.03,0,0,2,2,1,0,1,0,1186,944,1173,13,0,0,2,100.0,0.0,797,2902,1433,0,1,1,2,0,766,0,0,2,0,0,53,10,1,90.9
Ben Davies,WAL,Tottenham,DF,31-355,11,10,901.0,0,0,3,0,0.3,0.2,7,43,5,0.00,0.00,0.03,0.02,N/a,N/a,N/a,N/a,25.0,0.10,0.00,12.9,662,90.1,12311,93.2,95.0,70.0,2,35,1,0,43,4,0.40,0,0.00,10,6,12,7,18,11,7,10,848,147,444,369,35,11,1,100.0,0.0,492,2387,1323,7,5,0,4,0,577,5,11,3,0,2,30,39,33,54.2
Ben Johnson,ENG,Ipswich Town,"DF,FW",25-080,20,12,1222.0,1,2,3,0,1.1,1.3,15,25,31,0.07,0.15,0.08,0.09,N/a,N/a,N/a,N/a,42.9,0.22,0.14,12.6,279,71.2,4535,85.9,75.4,47.9,12,21,2,2,25,23,1.70,5,0.37,34,22,39,21,21,5,16,12,586,56,226,208,155,12,21,33.3,57.1,237,1397,548,15,11,3,22,16,270,31,24,6,1,34,52,19,17,52.8
Bernardo Silva,POR,Manchester City,"MF,FW",30-247,27,23,2131.0,2,4,6,0,3.0,4.2,84,99,169,0.08,0.17,0.13,0.18,N/a,N/a,N/a,N/a,33.3,0.38,0.07,13.0,1163,86.5,17580,91.6,87.7,66.3,42,64,27,7,99,76,3.21,7,0.30,47,30,46,24,26,6,20,18,1556,37,270,612,690,125,53,47.2,41.5,969,6251,3170,84,54,30,18,30,1145,169,21,25,3,48,80,4,10,28.6
Bernd Leno,GER,Fulham,GK,33-041,31,31,2790.0,0,1,4,0,0.0,0.1,0,0,0,0.00,0.03,0.00,0.00,1.35,68.3,16.1,0.0,N/a,0.00,N/a,N/a,945,80.6,23152,99.5,98.9,46.3,2,14,2,0,0,5,0.16,2,0.06,2,2,2,0,1,0,1,0,1227,972,1218,9,0,0,0,N/a,N/a,809,3197,1770,0,0,0,0,0,730,0,0,3,0,0,44,9,0,100.0
Beto,GNB,Everton,FW,27-073,24,10,1101.0,6,0,2,0,6.1,0.8,12,9,58,0.49,0.00,0.49,0.06,N/a,N/a,N/a,N/a,51.5,1.39,0.18,13.3,111,57.2,1513,68.8,49.2,87.5,8,5,2,0,9,17,1.39,0,0.00,12,6,7,2,5,1,4,3,376,20,39,165,177,63,30,53.3,43.3,201,1003,379,12,8,9,48,29,272,58,28,16,12,2,29,69,83,45.4
Bilal El Khannouss,MAR,Leicester City,MF,20-339,27,22,1748.0,2,2,4,0,0.8,3.1,59,110,71,0.10,0.10,0.04,0.16,N/a,N/a,N/a,N/a,28.6,0.31,0.10,22.5,657,74.9,11744,85.5,80.5,57.1,29,75,25,5,110,55,2.84,4,0.21,44,24,21,8,17,3,14,5,1038,13,143,538,369,27,43,60.5,37.2,595,3628,1699,59,37,9,32,30,695,71,25,8,0,71,75,18,16,52.9
Boubacar Kamara,FRA,Aston Villa,MF,25-142,20,14,1202.0,0,0,2,0,0.4,0.5,16,65,5,0.00,0.00,0.03,0.04,N/a,N/a,N/a,N/a,16.7,0.07,0.00,19.7,614,89.1,9590,93.7,91.2,52.4,8,68,7,0,65,19,1.42,2,0.15,44,18,48,22,15,5,10,14,833,82,259,480,99,8,22,36.4,31.8,432,2138,1020,16,10,1,7,9,556,5,19,24,0,1,61,14,16,46.7
Boubakary Soumaré,FRA,Leicester City,MF,26-046,25,21,1818.0,0,0,8,0,0.3,0.4,30,93,21,0.00,0.00,0.01,0.02,N/a,N/a,N/a,N/a,0.0,0.00,0.00,23.4,929,86.9,14175,92.3,87.4,72.0,11,90,13,2,93,34,1.68,3,0.15,32,17,30,12,15,6,9,24,1240,54,320,786,147,16,42,61.9,28.6,734,3444,1785,30,16,3,20,21,867,21,20,18,0,8,126,16,8,66.7
Brennan Johnson,WAL,Tottenham,FW,23-326,29,22,1969.0,11,3,5,0,9.8,2.3,56,66,186,0.50,0.14,0.45,0.10,N/a,N/a,N/a,N/a,37.7,0.91,0.21,11.4,428,71.7,5637,81.1,75.1,39.3,19,25,33,6,66,45,2.06,7,0.32,39,26,31,15,22,3,19,4,797,16,88,271,450,118,41,46.3,46.3,510,2738,1378,56,20,32,23,16,587,186,25,22,9,50,58,7,20,25.9
Bruno Fernandes,POR,Manchester Utd,MF,30-218,31,31,2636.0,8,9,4,2,8.8,6.8,60,254,113,0.27,0.31,0.30,0.23,N/a,N/a,N/a,N/a,30.3,0.79,0.07,21.7,1421,74.9,25059,86.3,80.1,52.7,77,166,60,9,254,156,5.33,12,0.41,73,44,74,45,30,4,26,24,2245,58,379,1063,825,69,63,41.3,49.2,1300,6086,3163,60,56,10,35,37,1566,113,26,37,2,162,182,20,26,43.5
Bruno Guimarães,BRA,Newcastle Utd,MF,27-149,31,31,2661.0,4,6,4,0,3.4,5.4,45,217,72,0.14,0.20,0.12,0.18,N/a,N/a,N/a,N/a,26.5,0.30,0.12,16.5,1186,81.8,19496,90.2,87.1,58.2,41,147,56,5,217,99,3.35,16,0.54,68,40,60,31,31,9,22,25,1792,66,379,935,496,54,64,43.8,31.3,1165,6379,2799,45,35,8,48,71,1339,72,47,94,2,20,150,16,13,55.2
Bryan Mbeumo,CMR,Brentford,FW,25-250,32,32,2874.0,16,5,2,0,10.0,7.1,107,120,292,0.50,0.16,0.31,0.22,N/a,N/a,N/a,N/a,45.2,0.88,0.18,17.8,730,66.9,11615,79.1,73.2,36.3,56,47,53,15,120,119,3.73,15,0.47,37,23,25,11,21,3,18,13,1466,45,209,464,820,129,88,43.2,43.2,884,5628,2923,107,60,62,86,38,996,292,22,36,11,163,134,31,65,32.3
Bukayo Saka,ENG,Arsenal,"FW,MF",23-221,19,16,1366.0,6,10,3,0,5.2,6.0,75,56,208,0.40,0.66,0.34,0.40,N/a,N/a,N/a,N/a,36.0,1.19,0.10,16.2,428,74.2,6693,89.0,72.5,48.8,43,12,30,10,56,92,6.06,21,1.38,23,13,20,10,17,0,17,2,780,6,43,175,569,127,82,45.1,40.2,492,3390,1942,75,22,40,26,36,558,208,13,34,4,106,59,8,18,30.8
Caleb Okoli,ITA,Leicester City,DF,23-275,18,12,1124.0,1,0,4,0,0.6,0.0,3,32,2,0.08,0.00,0.05,0.00,N/a,N/a,N/a,N/a,50.0,0.16,0.25,13.5,558,86.4,9738,91.3,91.0,55.4,0,21,1,0,32,4,0.32,0,0.00,25,14,18,7,24,14,10,15,804,152,450,324,35,10,0,N/a,N/a,467,2304,1106,3,6,0,10,2,483,2,16,9,0,1,44,23,21,52.3
Callum Hudson-Odoi,ENG,Nott'ham Forest,FW,24-158,27,24,2074.0,5,2,2,0,2.5,2.7,123,66,186,0.22,0.09,0.11,0.12,N/a,N/a,N/a,N/a,45.9,0.74,0.14,18.3,654,82.2,9550,92.4,81.6,50.0,44,35,30,10,66,94,4.08,11,0.48,18,13,14,5,10,0,10,13,976,14,104,310,585,72,59,55.9,30.5,609,5107,3224,123,59,45,44,23,745,186,11,19,8,74,88,3,10,23.1
Calvin Bassey,NGA,Fulham,DF,25-104,29,28,2534.0,1,0,5,0,1.0,0.1,23,89,12,0.04,0.00,0.04,0.00,N/a,N/a,N/a,N/a,30.8,0.14,0.08,15.0,1586,89.6,27959,94.6,94.3,61.3,2,112,1,0,89,18,0.64,2,0.07,47,29,26,7,36,17,19,16,2023,270,990,948,105,16,27,44.4,33.3,1295,6355,3562,23,14,4,27,7,1396,12,19,29,2,5,140,34,29,54.0
Cameron Archer,ENG,Southampton,FW,23-267,29,13,1314.0,2,0,0,0,5.1,0.4,18,14,62,0.14,0.00,0.35,0.03,N/a,N/a,N/a,N/a,33.3,0.62,0.07,13.1,179,81.4,2347,86.4,90.7,55.6,3,6,7,0,14,17,1.17,0,0.00,11,7,9,7,5,1,4,2,344,15,55,155,137,47,29,44.8,51.7,198,1008,477,18,8,13,32,24,239,62,15,12,7,3,32,8,27,22.9
Cameron Burgess,AUS,Ipswich Town,DF,29-175,14,13,1215.0,0,1,0,0,0.7,0.5,2,36,3,0.00,0.07,0.05,0.04,N/a,N/a,N/a,N/a,11.1,0.07,0.00,9.7,503,80.6,9151,90.5,86.7,49.5,5,39,3,0,36,10,0.74,2,0.15,10,7,8,2,16,12,4,11,781,175,459,281,42,21,0,N/a,N/a,364,1701,875,2,4,0,2,0,458,3,3,4,1,0,34,38,19,66.7
Carlos Baleba,CMR,Brighton,MF,21-101,28,25,2147.0,2,1,8,1,3.0,1.3,37,108,26,0.08,0.04,0.12,0.05,N/a,N/a,N/a,N/a,25.6,0.42,0.05,24.9,924,87.2,15641,92.6,91.0,64.0,20,100,22,2,108,60,2.52,4,0.17,65,35,66,25,39,8,31,39,1382,65,320,824,276,10,49,61.2,32.7,773,4545,2372,37,37,2,33,32,834,26,36,42,0,7,159,37,21,63.8
Carlos Soler,ESP,West Ham,"MF,FW",28-102,27,13,1257.0,1,1,5,0,1.7,1.2,15,51,28,0.07,0.07,0.12,0.09,N/a,N/a,N/a,N/a,30.4,0.50,0.04,18.6,479,84.5,7540,94.4,84.7,52.9,14,36,11,0,51,45,3.22,2,0.14,12,10,20,15,17,4,13,8,675,23,164,342,174,22,18,44.4,50.0,314,1571,679,15,16,4,10,14,456,28,24,16,0,29,60,9,11,45.0
Casemiro,BRA,Manchester Utd,MF,33-050,21,15,1271.0,1,0,3,0,1.5,2.2,4,65,26,0.07,0.00,0.10,0.16,N/a,N/a,N/a,N/a,29.6,0.57,0.04,19.3,637,78.7,10614,86.3,83.9,60.9,19,64,19,6,65,48,3.40,3,0.21,74,43,64,25,33,10,23,12,1039,67,309,523,215,37,6,50.0,50.0,546,1680,775,4,10,0,10,10,663,26,15,18,3,19,82,28,17,62.2
Chris Richards,USA,Crystal Palace,DF,25-017,18,16,1428.0,1,0,2,0,1.0,0.1,5,34,1,0.06,0.00,0.06,0.01,N/a,N/a,N/a,N/a,55.6,0.32,0.11,12.4,555,81.1,9890,88.9,90.5,45.0,2,19,0,0,34,6,0.38,2,0.13,42,27,38,15,28,11,17,10,881,103,482,357,47,14,5,20.0,80.0,411,1848,828,5,5,0,5,5,503,1,8,3,1,1,44,31,32,49.2
Chris Wood,NZL,Nott'ham Forest,FW,33-128,30,29,2434.0,18,3,1,0,11.0,2.0,13,33,74,0.67,0.11,0.41,0.07,N/a,N/a,N/a,N/a,58.0,1.07,0.30,14.6,265,66.6,3643,70.7,68.9,68.4,16,14,8,1,33,38,1.41,5,0.18,4,4,8,7,11,7,4,4,617,31,72,297,250,78,10,40.0,50.0,307,1096,429,13,9,5,62,22,461,74,22,20,22,1,38,78,117,40.0
Christian Eriksen,DEN,Manchester Utd,MF,33-059,18,10,903.0,0,1,3,0,0.2,2.4,8,41,24,0.00,0.10,0.02,0.24,N/a,N/a,N/a,N/a,0.0,0.00,0.00,25.0,479,80.5,7970,93.1,80.8,49.0,21,44,6,1,41,40,3.98,6,0.60,15,7,18,11,10,4,6,7,672,21,143,335,198,11,3,0.0,100.0,379,1339,569,8,8,0,8,4,444,24,7,2,0,61,53,2,5,28.6
Christian Nørgaard,DEN,Brentford,MF,31-035,28,28,2279.0,4,2,5,1,3.2,0.8,12,120,34,0.16,0.08,0.13,0.03,N/a,N/a,N/a,N/a,33.3,0.39,0.13,15.1,945,81.8,15591,87.2,86.0,59.4,15,116,21,3,120,45,1.78,9,0.36,72,44,67,25,46,18,28,39,1465,148,507,695,277,48,12,50.0,33.3,669,2572,1109,12,11,4,28,18,881,34,36,25,1,13,166,37,29,56.1
Christopher Nkunku,FRA,Chelsea,FW,27-151,27,9,921.0,3,2,2,0,4.8,2.1,17,25,68,0.29,0.20,0.47,0.21,N/a,N/a,N/a,N/a,44.0,1.07,0.12,12.6,299,89.5,3928,91.6,92.2,100.0,14,26,7,0,25,34,3.32,4,0.39,12,8,8,2,9,2,7,7,448,10,52,183,217,52,27,37.0,51.9,280,1368,628,17,16,13,18,17,356,68,16,11,3,4,29,16,22,42.1
Cody Gakpo,NED,Liverpool,FW,25-342,29,17,1501.0,8,3,4,0,6.0,3.5,41,48,219,0.48,0.18,0.36,0.21,N/a,N/a,N/a,N/a,38.6,1.02,0.18,15.4,381,76.4,5401,86.4,68.2,57.1,30,21,23,6,48,61,3.66,6,0.36,24,12,22,11,18,2,16,8,693,20,65,202,440,80,47,57.4,31.9,461,3229,1635,41,27,18,34,17,520,219,16,20,5,56,58,13,20,39.4
Cole Palmer,ENG,Chelsea,MF,22-343,31,30,2652.0,14,8,6,0,15.8,9.2,96,184,159,0.48,0.27,0.54,0.31,N/a,N/a,N/a,N/a,35.8,1.32,0.10,20.3,954,76.6,18125,85.4,84.8,58.9,75,136,56,15,184,175,5.94,13,0.44,24,15,21,13,14,1,13,7,1555,17,120,687,768,122,98,43.9,40.8,983,6499,3133,96,64,34,56,30,1148,159,12,54,6,128,89,1,7,12.5
Conor Coady,ENG,Leicester City,DF,32-048,16,13,1174.0,0,0,2,0,0.0,0.1,2,26,0,0.00,0.00,0.00,0.00,N/a,N/a,N/a,N/a,N/a,0.00,N/a,N/a,660,90.7,11491,96.9,96.6,54.1,1,29,2,0,26,4,0.31,0,0.00,11,8,4,2,23,17,6,11,826,156,446,368,13,3,2,50.0,50.0,547,2343,1234,2,2,1,4,2,605,0,5,2,1,0,42,12,15,44.4
Craig Dawson,ENG,Wolves,DF,34-343,15,10,971.0,0,0,2,0,0.5,0.0,6,20,5,0.00,0.00,0.05,0.00,N/a,N/a,N/a,N/a,20.0,0.09,0.00,8.5,484,86.6,9745,92.5,93.0,60.0,2,22,1,0,20,7,0.65,2,0.19,15,3,15,3,16,11,5,9,671,130,396,249,28,14,5,20.0,40.0,390,1819,938,6,1,0,2,0,443,5,6,5,2,0,35,21,11,65.6
Cristian Romero,ARG,Tottenham,DF,26-352,17,17,1371.0,1,0,2,0,1.5,0.6,12,66,3,0.07,0.00,0.10,0.04,N/a,N/a,N/a,N/a,53.3,0.53,0.07,9.2,1057,89.1,19768,91.1,94.5,63.5,7,105,8,1,66,20,1.31,4,0.26,33,27,28,9,18,3,15,21,1333,157,586,689,69,21,4,25.0,50.0,873,4566,2777,12,18,0,8,5,908,3,12,12,2,3,85,40,26,60.6
Curtis Jones,ENG,Liverpool,"MF,DF",24-074,27,16,1414.0,3,3,3,1,4.1,1.0,21,83,67,0.19,0.19,0.26,0.06,N/a,N/a,N/a,N/a,41.4,0.76,0.10,15.6,798,93.3,11606,97.0,93.0,73.7,19,58,16,0,83,40,2.55,7,0.45,33,17,22,8,15,7,8,5,1011,26,155,533,329,50,16,62.5,31.3,612,2932,1318,21,14,5,22,29,759,67,15,21,0,6,74,13,12,52.0
Daichi Kamada,JPN,Crystal Palace,MF,28-252,27,12,1198.0,0,0,3,1,0.8,1.5,18,65,45,0.00,0.00,0.06,0.12,N/a,N/a,N/a,N/a,28.6,0.30,0.00,20.3,452,78.9,7210,87.1,81.3,57.1,16,39,11,2,65,39,2.93,3,0.23,40,23,35,23,17,3,14,15,720,18,155,383,186,21,13,30.8,53.8,346,1636,758,18,13,4,13,17,462,45,24,17,2,20,57,3,12,20.0
Dan Burn,ENG,Newcastle Utd,DF,32-340,30,30,2700.0,0,0,8,0,1.3,0.6,6,47,6,0.00,0.00,0.04,0.02,N/a,N/a,N/a,N/a,23.5,0.13,0.00,10.4,1397,89.2,25169,91.4,94.7,61.4,6,25,6,0,47,17,0.57,3,0.10,32,18,31,15,31,22,9,23,1878,314,1081,713,88,41,3,100.0,0.0,1065,4824,2046,6,4,1,20,3,1247,6,25,11,4,2,83,115,59,66.1
Dango Ouattara,BFA,Bournemouth,FW,23-062,28,17,1685.0,7,4,1,0,7.7,4.8,67,36,169,0.37,0.21,0.41,0.26,N/a,N/a,N/a,N/a,30.9,0.91,0.13,13.4,300,59.5,4743,72.1,62.6,35.1,28,19,23,9,36,59,3.15,6,0.32,31,23,36,20,30,8,22,8,795,47,131,255,424,114,67,44.8,47.8,407,2983,1457,67,27,35,51,28,478,169,14,15,13,74,72,34,50,40.5
Daniel Muñoz,COL,Crystal Palace,DF,28-323,30,30,2598.0,4,4,7,0,4.2,3.9,45,72,170,0.14,0.14,0.14,0.13,N/a,N/a,N/a,N/a,40.0,0.42,0.13,12.9,917,75.3,14053,85.4,77.0,44.2,35,46,23,11,72,67,2.32,8,0.28,100,65,77,34,30,2,28,35,1634,96,460,680,510,81,48,37.5,58.3,636,3230,1341,45,29,14,46,16,783,170,44,18,12,55,137,50,67,42.7
Danny Welbeck,ENG,Brighton,FW,34-139,25,19,1686.0,8,4,3,0,7.8,1.0,17,36,71,0.43,0.21,0.42,0.05,N/a,N/a,N/a,N/a,38.0,1.01,0.16,15.4,312,83.2,3657,84.9,87.7,100.0,16,12,11,0,36,40,2.14,6,0.32,21,12,15,9,15,1,14,5,569,12,44,248,281,78,31,35.5,54.8,334,1521,624,17,19,6,42,22,417,71,9,20,2,3,34,15,21,41.7
Dara O'Shea,IRL,Ipswich Town,DF,26-041,29,29,2582.0,0,2,6,0,1.1,0.5,3,68,6,0.00,0.07,0.04,0.02,N/a,N/a,N/a,N/a,10.5,0.07,0.00,13.7,1049,77.5,20962,86.1,84.9,50.4,3,78,2,1,68,19,0.66,3,0.10,40,25,28,11,56,45,11,31,1727,334,994,629,109,46,2,50.0,50.0,767,3373,1664,3,2,0,11,4,986,6,15,21,3,5,96,97,71,57.7
Darwin Núñez,URU,Liverpool,FW,25-294,25,8,1010.0,5,2,8,0,5.0,1.2,20,25,67,0.45,0.18,0.44,0.11,N/a,N/a,N/a,N/a,38.7,1.07,0.16,14.3,144,70.2,2149,80.4,72.9,66.7,9,9,2,0,25,24,2.13,4,0.36,18,15,15,10,6,0,6,3,326,10,43,110,183,60,21,38.1,57.1,175,939,492,20,16,10,21,17,216,67,26,14,11,2,37,15,29,34.1
David Raya,ESP,Arsenal,GK,29-211,32,32,2880.0,0,0,2,0,0.0,0.0,0,11,0,0.00,0.00,0.00,0.00,0.84,76.5,34.4,0.0,N/a,0.00,N/a,N/a,874,73.5,20908,99.2,98.5,37.6,0,38,1,0,11,4,0.12,1,0.03,0,0,2,2,0,0,0,2,1242,730,1164,78,0,0,1,100.0,0.0,766,3843,2304,0,0,0,1,0,707,0,1,7,0,0,31,10,0,100.0
Dean Henderson,ENG,Crystal Palace,GK,28-033,31,31,2790.0,0,0,3,0,0.0,0.1,0,0,0,0.00,0.00,0.00,0.00,1.29,68.5,29.0,50.0,0.0,0.00,0.00,14.9,628,62.6,16822,99.4,99.3,30.5,2,14,1,0,0,3,0.10,0,0.00,2,1,6,4,0,0,0,0,1085,883,1082,2,1,1,0,N/a,N/a,619,3708,1695,0,0,0,2,0,478,0,0,0,0,0,24,11,1,91.7
Dean Huijsen,ESP,Bournemouth,DF,20-000,25,20,1874.0,2,1,7,0,1.7,1.9,31,92,9,0.10,0.05,0.08,0.09,N/a,N/a,N/a,N/a,13.3,0.10,0.13,10.2,1006,83.6,20544,89.1,90.7,62.7,13,125,7,2,92,35,1.68,3,0.14,31,21,25,10,32,24,8,45,1506,199,709,707,98,28,5,40.0,60.0,815,4913,3022,31,14,0,14,1,916,9,24,9,1,11,87,57,37,60.6
Declan Rice,ENG,Arsenal,MF,26-090,30,28,2410.0,2,6,6,1,2.6,6.3,82,162,82,0.07,0.22,0.10,0.23,N/a,N/a,N/a,N/a,25.6,0.37,0.05,19.7,1183,83.1,20305,92.6,89.9,48.2,51,117,31,5,162,95,3.55,8,0.30,46,19,35,20,21,10,11,23,1675,64,277,797,618,65,25,44.0,52.0,890,5704,3026,82,53,14,36,24,1102,82,18,15,1,150,122,28,21,57.1
Dejan Kulusevski,SWE,Tottenham,"MF,FW",24-354,28,24,2170.0,7,4,3,0,4.1,6.1,115,118,201,0.29,0.17,0.17,0.25,N/a,N/a,N/a,N/a,37.2,0.66,0.16,14.7,615,73.5,8625,86.1,77.6,40.3,63,59,52,6,118,122,5.06,9,0.37,40,23,47,30,25,3,22,12,1183,21,134,394,679,146,107,32.7,59.8,774,5855,3092,115,66,37,72,70,841,201,40,33,5,88,111,9,11,45.0
Destiny Udogie,ITA,Tottenham,DF,22-137,23,22,1744.0,0,1,2,0,0.3,1.4,51,117,92,0.00,0.05,0.02,0.07,N/a,N/a,N/a,N/a,20.0,0.05,0.00,15.1,915,87.5,13224,91.2,90.6,81.5,15,86,6,1,117,33,1.70,3,0.15,71,44,45,13,37,5,32,19,1287,57,353,572,376,48,30,40.0,50.0,714,4005,2187,51,38,11,31,19,778,92,29,36,2,19,103,13,13,50.0
Diogo Dalot,POR,Manchester Utd,DF,26-027,31,31,2756.0,0,3,5,0,2.0,2.0,62,99,161,0.00,0.10,0.07,0.07,N/a,N/a,N/a,N/a,21.7,0.16,0.00,15.6,1321,80.6,21289,89.9,81.9,56.0,25,59,23,8,99,73,2.38,5,0.16,65,38,51,18,21,9,12,37,1938,113,653,761,541,66,50,52.0,40.0,1098,4868,2658,62,37,16,36,20,1170,161,40,9,4,63,164,37,21,63.8
Diogo Jota,POR,Liverpool,FW,28-131,21,13,1043.0,6,3,2,0,6.8,1.8,35,31,83,0.52,0.26,0.59,0.16,N/a,N/a,N/a,N/a,31.7,1.12,0.15,12.7,188,68.6,2791,75.6,73.6,57.9,11,27,3,1,31,33,2.85,8,0.69,11,7,19,12,9,0,9,6,423,5,27,173,230,84,30,36.7,60.0,233,1395,736,35,21,20,35,21,295,83,16,11,1,8,38,20,27,42.6
Djed Spence,ENG,Tottenham,DF,24-248,19,14,1334.0,1,2,4,1,0.5,1.7,45,88,63,0.07,0.13,0.03,0.11,N/a,N/a,N/a,N/a,37.5,0.20,0.13,22.9,803,87.0,11315,94.5,87.1,55.6,10,63,15,6,88,24,1.62,4,0.27,38,29,24,5,22,9,13,17,1125,62,386,507,250,22,63,50.8,39.7,657,3955,2089,45,38,6,23,22,713,63,17,23,2,19,82,16,11,59.3
Dominic Calvert-Lewin,ENG,Everton,FW,28-029,22,19,1574.0,3,1,2,0,6.1,0.6,22,19,105,0.17,0.06,0.35,0.04,N/a,N/a,N/a,N/a,37.0,0.97,0.07,12.3,174,62.6,2035,70.0,58.3,37.5,7,19,5,1,19,25,1.43,4,0.23,9,7,6,4,6,2,4,6,491,21,38,204,254,82,25,40.0,52.0,268,1398,444,22,8,16,71,32,402,105,27,22,27,6,32,83,79,51.2
Dominic Solanke,ENG,Tottenham,FW,27-212,23,23,2028.0,7,3,0,0,9.9,2.9,29,45,85,0.31,0.13,0.44,0.13,N/a,N/a,N/a,N/a,39.3,0.98,0.13,12.2,245,71.8,3296,76.3,77.1,66.7,14,27,9,0,45,37,1.64,8,0.36,18,11,12,8,17,7,10,0,616,31,66,283,273,106,48,33.3,60.4,365,1975,786,29,20,14,65,45,431,85,36,35,5,4,35,41,54,43.2
Dominik Szoboszlai,HUN,Liverpool,MF,24-171,30,24,2120.0,5,3,6,0,6.8,5.0,63,106,115,0.21,0.13,0.29,0.21,N/a,N/a,N/a,N/a,29.3,0.72,0.09,18.1,960,84.3,14859,88.9,88.1,71.8,41,71,30,4,106,95,4.03,12,0.51,29,19,37,22,33,4,29,9,1362,21,174,662,544,89,35,54.3,37.1,704,3590,1993,63,44,17,34,20,932,115,35,21,4,32,112,17,20,45.9
Dwight McNeil,ENG,Everton,"MF,FW",25-143,15,13,1145.0,3,4,1,0,0.9,3.8,32,61,65,0.24,0.31,0.07,0.30,N/a,N/a,N/a,N/a,34.8,0.63,0.13,22.0,378,73.4,7197,86.3,81.4,53.8,33,33,33,10,61,61,4.79,7,0.55,11,6,17,9,7,0,7,5,621,2,61,269,306,18,37,54.1,43.2,361,2255,957,32,29,4,22,24,417,65,6,13,1,91,64,3,14,17.6
Eberechi Eze,ENG,Crystal Palace,"MF,FW",26-289,27,25,2174.0,3,8,1,0,7.0,4.7,62,84,136,0.12,0.33,0.29,0.20,N/a,N/a,N/a,N/a,25.8,0.95,0.03,21.4,674,74.5,11283,85.7,83.1,43.7,51,44,30,3,84,112,4.64,9,0.37,36,22,35,18,24,0,24,10,1226,13,162,581,512,79,121,47.9,47.1,736,4488,2102,62,41,20,45,42,807,136,8,44,9,97,122,6,35,14.6
Ederson,BRA,Manchester City,GK,31-240,22,22,1960.0,0,4,3,0,0.0,1.5,0,1,0,0.00,0.18,0.00,0.07,1.15,68.5,31.8,0.0,N/a,0.00,N/a,N/a,693,88.1,17056,100.0,98.3,65.7,4,20,1,0,1,6,0.28,4,0.18,0,0,2,2,0,0,0,1,833,587,824,9,0,0,0,N/a,N/a,563,2612,1671,0,0,0,1,0,529,0,1,0,0,0,37,4,1,80.0
Edson Álvarez,MEX,West Ham,MF,27-172,25,19,1633.0,0,1,8,1,0.3,0.8,21,75,18,0.00,0.06,0.02,0.04,N/a,N/a,N/a,N/a,9.1,0.06,0.00,26.7,763,85.7,12894,88.8,89.7,73.5,11,80,11,3,75,25,1.38,2,0.11,44,23,33,18,21,8,13,16,1101,61,323,612,174,12,31,45.2,38.7,603,3371,1528,21,20,2,25,13,734,18,37,18,4,6,78,28,20,58.3
Elliot Anderson,ENG,Nott'ham Forest,MF,22-159,31,27,2227.0,1,6,6,0,1.6,3.1,36,112,77,0.04,0.24,0.07,0.12,N/a,N/a,N/a,N/a,15.2,0.20,0.03,19.8,844,78.1,13378,89.0,80.5,46.0,33,84,16,2,112,74,2.99,10,0.40,76,49,90,49,41,8,33,25,1435,79,337,676,450,55,67,49.3,38.8,716,3972,1821,36,27,15,51,34,846,77,37,50,4,69,170,37,20,64.9
Emerson Palmieri,ITA,West Ham,DF,30-254,27,23,1851.0,2,1,5,0,1.8,1.5,38,56,72,0.10,0.05,0.09,0.07,N/a,N/a,N/a,N/a,50.0,0.34,0.14,18.8,747,79.1,11003,89.1,79.9,43.3,16,42,11,5,56,39,1.90,2,0.10,53,28,39,18,30,7,23,18,1167,74,378,491,313,24,30,33.3,56.7,483,2644,1465,38,22,8,22,7,636,72,21,13,0,59,82,15,18,45.5
Emile Smith Rowe,ENG,Fulham,MF,24-260,28,23,1805.0,5,2,2,0,4.1,1.1,50,113,106,0.25,0.10,0.21,0.05,N/a,N/a,N/a,N/a,25.0,0.40,0.16,15.4,803,90.2,11521,92.4,95.8,69.2,18,70,13,1,113,62,3.09,11,0.55,30,17,24,16,19,2,17,10,1067,20,148,504,425,51,33,48.5,45.5,699,3431,1797,50,37,11,31,13,820,106,17,12,4,12,62,6,16,27.3
Emiliano Martínez,ARG,Aston Villa,GK,32-224,31,31,2700.0,0,0,4,0,0.0,0.5,0,3,0,0.00,0.00,0.00,0.02,1.40,65.8,16.1,50.0,N/a,0.00,N/a,N/a,928,80.0,23885,97.6,98.2,50.8,1,18,0,0,3,5,0.17,1,0.03,2,2,1,0,1,0,1,0,1217,913,1202,15,0,0,1,100.0,0.0,732,3703,2339,0,0,0,1,0,668,0,1,5,0,0,28,7,1,87.5
Enzo Fernández,ARG,Chelsea,MF,24-087,30,26,2410.0,5,5,7,0,5.3,5.7,53,185,103,0.19,0.19,0.20,0.21,N/a,N/a,N/a,N/a,37.5,0.67,0.10,18.4,1321,80.3,23379,89.1,85.0,58.5,67,147,35,6,185,128,4.78,13,0.49,57,28,72,46,32,5,27,11,1909,31,296,966,659,72,43,48.8,34.9,1030,4725,2326,53,50,8,26,26,1397,103,45,42,1,94,130,13,27,32.5
Erling Haaland,NOR,Manchester City,FW,24-267,28,28,2480.0,21,3,2,0,20.8,2.8,19,18,103,0.76,0.11,0.76,0.10,N/a,N/a,N/a,N/a,54.5,1.96,0.19,12.2,225,66.0,2706,70.6,66.7,66.7,26,9,7,1,18,62,2.25,9,0.33,9,5,6,4,11,1,10,5,578,22,39,200,344,170,32,34.4,59.4,272,1310,478,19,14,19,39,25,427,103,22,12,4,3,29,49,45,52.1
Ethan Pinnock,JAM,Brentford,DF,31-320,22,21,1913.0,2,0,2,0,1.1,1.2,3,41,9,0.09,0.00,0.05,0.05,N/a,N/a,N/a,N/a,60.0,0.28,0.20,11.1,924,85.6,17045,94.2,89.4,57.9,8,48,4,1,41,21,0.99,0,0.00,35,19,24,11,29,18,11,24,1348,294,783,457,109,24,9,33.3,66.7,633,3117,1633,3,4,0,2,4,760,9,8,4,0,9,50,63,43,59.4
Evanilson,BRA,Bournemouth,FW,25-190,24,21,1723.0,9,0,0,0,10.3,1.5,24,17,79,0.47,0.00,0.54,0.08,N/a,N/a,N/a,N/a,49.1,1.41,0.16,13.0,173,69.5,2106,73.5,70.6,80.0,21,12,2,0,17,53,2.77,7,0.37,11,6,9,4,8,1,7,0,408,15,31,154,225,101,19,31.6,36.8,249,1355,637,24,13,13,28,19,291,79,26,40,14,0,52,32,52,38.1
Ezri Konsa,ENG,Aston Villa,DF,27-173,28,27,2396.0,1,0,0,0,0.9,0.4,16,70,11,0.04,0.00,0.03,0.01,N/a,N/a,N/a,N/a,37.5,0.11,0.13,8.6,1308,92.6,21828,96.3,95.6,63.6,5,91,1,0,70,22,0.83,3,0.11,31,17,22,4,16,9,7,21,1614,196,756,768,98,19,17,41.2,41.2,949,4786,2421,16,11,2,15,8,1129,11,6,41,0,5,83,26,21,55.3
Fabian Schär,SUI,Newcastle Utd,DF,33-115,27,26,2322.0,2,0,6,1,1.7,0.3,13,79,17,0.08,0.00,0.06,0.01,N/a,N/a,N/a,N/a,29.2,0.27,0.08,21.2,1284,83.1,25608,92.3,92.3,50.2,3,119,9,0,79,25,0.97,3,0.12,29,19,30,18,34,22,12,38,1806,216,953,752,111,28,11,63.6,18.2,1133,5080,2854,13,21,2,11,6,1245,17,27,9,3,9,112,36,54,40.0
Facundo Buonanotte,ARG,Leicester City,"FW,MF",20-112,27,13,1399.0,4,2,7,0,3.6,3.0,37,49,63,0.26,0.13,0.23,0.20,N/a,N/a,N/a,N/a,32.3,0.64,0.13,17.8,413,77.1,6526,85.9,81.8,49.3,23,36,13,2,49,46,2.96,4,0.26,48,27,63,43,32,6,26,10,805,23,117,412,289,32,74,33.8,60.8,442,2806,1261,37,26,8,51,37,491,63,33,32,3,40,74,14,31,31.1
Flynn Downes,ENG,Southampton,MF,26-084,21,19,1611.0,1,0,10,0,0.6,0.9,21,55,26,0.06,0.00,0.03,0.05,N/a,N/a,N/a,N/a,33.3,0.17,0.11,17.6,782,89.9,11569,92.9,92.4,66.7,12,47,9,0,55,25,1.40,2,0.11,40,21,31,18,20,4,16,29,1048,71,315,560,179,19,13,30.8,53.8,494,2677,1405,21,17,4,12,16,745,26,43,30,0,2,63,11,11,50.0
Gabriel Magalhães,BRA,Arsenal,DF,27-116,28,28,2363.0,3,1,4,0,2.6,0.9,10,126,11,0.11,0.04,0.10,0.03,N/a,N/a,N/a,N/a,22.7,0.19,0.14,9.5,1480,90.2,25788,96.9,94.2,53.9,13,145,8,0,126,35,1.33,6,0.23,25,15,16,4,42,29,13,16,1873,189,672,985,225,40,5,80.0,20.0,1116,4470,2669,10,22,0,9,2,1366,11,19,19,0,9,63,53,37,58.9
Gabriel Martinelli,BRA,Arsenal,"FW,MF",23-300,27,19,1794.0,6,4,1,0,5.1,4.3,102,41,235,0.30,0.20,0.26,0.22,N/a,N/a,N/a,N/a,44.7,0.85,0.16,12.4,387,70.2,5670,81.8,67.9,55.8,33,9,28,13,41,59,2.96,5,0.25,19,14,20,14,10,0,10,3,793,13,79,207,519,149,101,29.7,54.5,526,3965,2139,102,27,51,44,33,595,235,14,17,8,76,66,13,28,31.7
Georginio Rutter,FRA,Brighton,"MF,FW",22-359,28,19,1656.0,5,3,2,0,4.6,2.5,42,67,79,0.27,0.16,0.25,0.14,N/a,N/a,N/a,N/a,24.0,0.65,0.10,15.5,237,66.8,3344,77.0,66.7,62.5,19,30,16,1,67,64,3.47,8,0.43,39,15,36,22,20,3,17,10,641,20,83,246,326,79,71,38.0,47.9,361,2467,1405,42,36,16,45,37,411,79,34,45,7,9,66,25,46,35.2
Guglielmo Vicario,ITA,Tottenham,GK,28-189,20,20,1800.0,0,0,1,0,0.0,0.0,0,1,0,0.00,0.00,0.00,0.00,1.25,69.9,20.0,N/a,N/a,0.00,N/a,N/a,660,89.8,12698,99.1,97.4,53.1,0,1,0,0,1,3,0.15,0,0.00,0,0,0,0,0,0,0,1,782,522,767,15,0,0,1,100.0,0.0,566,2646,1514,0,0,0,0,0,510,0,0,1,0,0,27,9,0,100.0
Guido Rodríguez,ARG,West Ham,MF,31-002,20,14,1018.0,0,0,5,0,0.2,0.1,2,31,5,0.00,0.00,0.02,0.01,N/a,N/a,N/a,N/a,12.5,0.09,0.00,27.8,419,84.1,7149,87.4,91.4,62.7,3,36,1,0,31,10,0.88,0,0.00,30,16,30,16,21,9,12,12,617,42,196,366,56,2,3,66.7,0.0,284,988,392,2,5,0,2,6,354,5,15,11,1,4,46,8,7,53.3
Harry Maguire,ENG,Manchester Utd,DF,32-040,22,16,1418.0,1,0,7,0,1.4,0.3,6,42,5,0.06,0.00,0.09,0.02,N/a,N/a,N/a,N/a,36.4,0.25,0.09,8.1,788,86.3,14677,91.6,91.1,57.8,6,39,3,0,42,15,0.95,0,0.00,26,13,17,4,14,12,2,36,1085,133,541,497,60,35,5,40.0,60.0,640,3970,1629,6,6,3,6,2,702,5,16,6,1,2,53,51,21,70.8
Harry Winks,ENG,Leicester City,MF,29-071,22,17,1538.0,0,2,4,0,0.2,1.2,19,101,11,0.00,0.12,0.01,0.07,N/a,N/a,N/a,N/a,40.0,0.23,0.00,29.2,910,87.1,14101,92.2,91.2,57.9,17,110,7,5,101,39,2.28,3,0.18,24,11,30,17,19,7,12,9,1158,49,275,746,151,1,12,25.0,66.7,696,3268,1522,19,13,0,13,8,827,11,9,13,0,34,106,8,6,57.1
Harvey Barnes,ENG,Newcastle Utd,FW,27-126,26,10,1172.0,8,3,0,0,5.8,3.2,63,58,127,0.61,0.23,0.44,0.24,N/a,N/a,N/a,N/a,33.3,1.15,0.18,14.2,318,78.9,4461,86.6,74.6,60.0,18,18,30,7,58,47,3.60,8,0.61,15,9,7,4,6,1,5,6,549,13,75,178,301,85,47,38.3,48.9,388,2917,1671,63,35,35,21,13,434,127,9,16,4,30,40,5,13,27.8
Ibrahima Konaté,FRA,Liverpool,DF,25-324,26,25,2140.0,1,2,5,0,1.6,1.0,21,99,2,0.04,0.08,0.07,0.04,N/a,N/a,N/a,N/a,14.3,0.08,0.07,10.4,1442,90.4,26603,93.6,95.1,54.7,10,116,8,0,99,27,1.14,7,0.29,35,24,33,10,27,15,12,11,1830,202,787,947,101,18,4,50.0,25.0,1086,4969,2894,21,13,0,8,2,1322,2,24,17,0,0,74,67,28,70.5
Idrissa Gana Gueye,SEN,Everton,MF,35-200,31,29,2537.0,0,3,7,0,1.0,1.7,21,119,21,0.00,0.11,0.04,0.06,N/a,N/a,N/a,N/a,15.4,0.14,0.00,25.3,1005,86.4,17046,90.3,90.3,74.1,19,124,9,3,119,55,1.95,3,0.11,116,70,82,31,43,9,34,37,1487,66,358,843,292,19,35,48.6,45.7,694,3166,1372,21,23,4,27,33,851,21,47,38,0,6,165,21,15,58.3
Igor,BRA,Brighton,DF,27-066,12,9,903.0,0,0,4,0,0.0,0.2,9,44,0,0.00,0.00,0.00,0.02,N/a,N/a,N/a,N/a,0.0,0.00,0.00,14.1,628,92.1,11358,96.5,95.2,71.4,1,35,2,1,44,11,1.10,0,0.00,4,4,10,6,23,14,9,4,764,109,377,353,38,1,4,75.0,25.0,497,2837,1782,9,14,0,1,0,568,0,9,6,0,2,40,8,6,57.1
Iliman Ndiaye,SEN,Everton,FW,25-039,27,24,2039.0,7,0,3,0,5.0,1.5,76,42,103,0.31,0.00,0.22,0.07,N/a,N/a,N/a,N/a,44.8,0.57,0.17,17.2,488,80.3,7401,85.2,85.7,70.2,16,32,14,5,42,56,2.47,5,0.22,46,24,44,25,24,4,20,17,913,32,190,370,400,72,130,45.4,47.7,526,4144,2082,76,38,29,45,38,552,103,21,44,5,35,152,4,17,19.0
Illia Zabarnyi,UKR,Bournemouth,DF,22-225,29,29,2527.0,0,0,3,1,1.0,0.5,18,104,3,0.00,0.00,0.03,0.02,N/a,N/a,N/a,N/a,0.0,0.00,0.00,8.8,1104,80.9,23567,89.8,90.6,52.5,10,111,6,0,104,26,0.93,0,0.00,44,30,42,13,32,19,13,32,1652,196,790,829,52,11,8,62.5,25.0,1023,6487,3836,18,14,0,14,3,1020,3,17,5,0,5,136,63,35,64.3
Ismaila Sarr,SEN,Crystal Palace,"MF,FW",27-048,31,24,2200.0,7,4,3,0,8.2,6.7,61,71,156,0.29,0.16,0.34,0.27,N/a,N/a,N/a,N/a,54.5,0.98,0.16,13.7,407,66.4,6097,74.6,70.5,46.3,34,23,35,7,71,92,3.76,9,0.37,21,10,23,16,21,7,14,7,891,36,146,342,412,109,50,28.0,54.0,487,3038,1680,61,38,24,57,39,604,156,11,44,10,44,91,27,44,38.0
Issa Diop,FRA,Fulham,DF,28-095,21,15,1339.0,0,0,2,0,0.5,0.1,6,25,3,0.00,0.00,0.04,0.01,N/a,N/a,N/a,N/a,40.0,0.13,0.00,10.7,663,87.5,12350,92.5,92.9,52.9,3,43,1,0,25,6,0.40,0,0.00,26,12,18,5,10,7,3,9,903,125,498,381,26,13,2,50.0,50.0,533,2426,1216,6,2,0,9,2,617,3,10,4,0,1,45,20,12,62.5
Jack Clarke,ENG,Ipswich Town,"FW,MF",24-142,26,9,960.0,0,4,2,0,1.0,1.9,27,30,47,0.00,0.37,0.09,0.18,N/a,N/a,N/a,N/a,14.3,0.19,0.00,19.4,246,76.6,4029,86.9,88.1,46.4,21,22,6,0,30,37,3.47,5,0.47,27,16,30,15,5,0,5,5,444,16,105,181,171,28,37,56.8,32.4,255,1790,910,27,17,9,19,15,277,47,14,19,3,13,61,6,14,30.0
Jack Harrison,ENG,Everton,FW,28-145,28,20,1747.0,1,0,0,0,3.3,3.6,56,43,106,0.05,0.00,0.17,0.19,N/a,N/a,N/a,N/a,22.2,0.31,0.04,16.3,342,63.1,5416,81.1,69.2,33.3,30,24,23,9,43,51,2.62,4,0.21,28,19,36,22,16,2,14,7,793,30,135,275,390,59,68,30.9,58.8,439,2557,1304,56,27,14,45,35,511,106,12,24,3,106,61,4,25,13.8
Jack Hinshelwood,ENG,Brighton,"DF,MF",20-003,20,18,1505.0,2,0,4,0,1.4,0.9,16,55,41,0.12,0.00,0.08,0.05,N/a,N/a,N/a,N/a,41.7,0.30,0.17,13.6,706,83.0,10776,92.0,83.7,52.1,11,27,8,2,55,28,1.68,2,0.12,23,16,22,13,7,3,4,14,984,46,281,454,254,24,9,11.1,77.8,456,1965,950,16,16,1,16,2,600,41,13,5,0,26,49,18,12,60.0
Jack Stephens,ENG,Southampton,DF,31-077,14,12,984.0,0,0,2,2,0.3,0.1,11,45,1,0.00,0.00,0.02,0.01,N/a,N/a,N/a,N/a,0.0,0.00,0.00,7.9,669,92.0,11609,92.6,95.2,79.1,2,42,5,0,45,11,1.01,0,0.00,26,15,20,10,9,7,2,10,822,91,345,403,78,6,4,0.0,100.0,462,2145,1006,11,10,1,1,2,590,1,9,3,1,0,34,4,6,40.0
Jacob Greaves,ENG,Ipswich Town,DF,24-214,19,19,1665.0,1,0,4,0,1.2,0.0,6,48,4,0.05,0.00,0.07,0.00,N/a,N/a,N/a,N/a,50.0,0.22,0.13,8.3,759,87.4,12401,93.0,92.1,41.3,2,55,1,0,48,12,0.65,0,0.00,27,13,22,8,27,19,8,17,1064,222,582,426,60,15,2,50.0,50.0,503,2156,909,6,8,0,7,2,673,4,9,16,1,0,42,54,36,60.0
Jacob Murphy,ENG,Newcastle Utd,FW,30-049,28,24,1893.0,7,10,3,0,5.5,7.3,62,60,175,0.33,0.48,0.26,0.35,N/a,N/a,N/a,N/a,36.8,0.67,0.18,18.0,539,69.1,8055,84.5,66.8,43.6,32,43,29,10,60,64,3.05,11,0.52,21,14,28,13,30,0,30,11,1000,17,151,382,477,71,56,51.8,44.6,594,3583,1875,62,27,21,24,33,716,175,11,9,3,84,81,3,15,16.7
Jacob Ramsey,ENG,Aston Villa,"FW,MF",23-321,24,17,1406.0,1,3,1,0,1.3,2.1,53,62,98,0.06,0.19,0.09,0.13,N/a,N/a,N/a,N/a,25.0,0.26,0.06,16.4,448,85.3,5877,92.0,83.2,70.6,18,29,19,1,62,46,2.94,6,0.38,28,15,17,8,19,3,16,7,679,12,126,240,324,61,37,56.8,24.3,446,2935,1503,53,30,18,38,20,516,98,11,22,5,10,68,6,10,37.5
Jadon Sancho,ENG,Chelsea,FW,25-020,26,18,1610.0,3,4,1,0,1.9,3.4,91,81,203,0.17,0.22,0.11,0.19,N/a,N/a,N/a,N/a,27.3,0.34,0.14,15.1,603,83.1,8109,89.5,84.2,50.0,34,23,43,0,81,63,3.52,10,0.56,10,6,12,7,9,0,9,2,878,11,111,260,517,113,92,46.7,40.2,586,4037,2246,91,32,54,26,19,685,203,6,11,5,21,90,5,10,33.3
Jake O'Brien,IRL,Everton,DF,23-334,15,12,1121.0,2,0,4,0,0.7,0.6,7,38,24,0.16,0.00,0.06,0.04,N/a,N/a,N/a,N/a,60.0,0.24,0.40,11.5,386,75.8,6896,87.9,76.1,60.9,6,36,8,5,38,13,1.04,0,0.00,19,13,17,4,13,3,10,3,646,52,253,269,126,18,9,33.3,55.6,272,1192,492,7,5,2,5,5,325,24,10,3,3,16,42,30,22,57.7
James Garner,ENG,Everton,"MF,DF",24-032,15,11,1054.0,0,1,3,0,0.3,1.1,7,31,22,0.00,0.09,0.03,0.09,N/a,N/a,N/a,N/a,28.6,0.17,0.00,24.1,356,71.3,6140,83.1,80.5,43.0,10,33,5,2,31,26,2.22,4,0.34,28,18,29,15,13,3,10,14,616,29,153,293,176,9,13,38.5,61.5,282,1182,401,7,10,1,9,7,315,22,15,12,0,44,55,10,8,55.6
James Justin,ENG,Leicester City,DF,27-050,30,30,2526.0,2,1,5,0,1.5,0.5,36,80,90,0.07,0.04,0.05,0.02,N/a,N/a,N/a,N/a,25.0,0.21,0.08,16.0,1014,77.5,15620,86.4,83.9,33.9,12,66,21,7,80,31,1.10,1,0.04,47,29,49,22,38,12,26,41,1660,130,581,736,353,36,28,32.1,42.9,737,3093,1522,36,25,4,30,12,913,90,19,34,2,52,74,57,46,55.3
James Maddison,ENG,Tottenham,MF,28-142,30,20,1764.0,9,6,6,0,5.8,4.1,43,160,92,0.46,0.31,0.30,0.21,N/a,N/a,N/a,N/a,43.6,0.87,0.23,16.7,1001,81.3,16292,90.9,86.0,45.9,39,121,32,5,160,92,4.70,17,0.87,30,18,28,19,15,4,11,11,1438,25,207,677,567,76,74,41.9,44.6,1010,5042,2227,43,39,19,23,24,1112,92,31,63,4,95,73,5,7,41.7
James Tarkowski,ENG,Everton,DF,32-146,32,32,2871.0,1,1,6,0,1.1,2.6,9,74,3,0.03,0.03,0.04,0.08,N/a,N/a,N/a,N/a,28.6,0.13,0.07,8.6,1019,80.9,21595,84.4,91.9,62.7,15,80,11,0,74,36,1.13,4,0.13,61,38,38,15,57,42,15,40,1667,350,955,618,103,54,7,71.4,28.6,711,3536,1916,9,10,0,13,7,901,3,35,26,2,1,98,100,33,75.2
Jamie Vardy,ENG,Leicester City,FW,38-093,30,30,2421.0,7,3,5,0,9.4,2.9,27,20,104,0.26,0.11,0.35,0.11,N/a,N/a,N/a,N/a,40.8,0.74,0.12,11.8,225,67.4,3208,74.4,79.1,68.8,18,9,9,1,20,40,1.49,9,0.33,18,13,11,7,8,4,4,3,511,26,52,232,232,99,20,45.0,50.0,244,1295,619,27,11,14,31,12,331,104,19,19,23,10,32,46,47,49.5
Jan Bednarek,POL,Southampton,DF,29-002,26,26,2171.0,2,0,7,0,0.7,0.5,4,55,1,0.08,0.00,0.03,0.02,N/a,N/a,N/a,N/a,40.0,0.08,0.40,16.0,1419,92.4,24983,95.3,94.2,76.0,5,66,0,0,55,15,0.62,0,0.00,34,18,30,15,42,31,11,51,1854,334,974,848,39,15,3,100.0,0.0,939,3388,1585,4,5,1,9,3,1187,1,30,10,0,1,97,66,33,66.7
Jan Paul van Hecke,NED,Brighton,DF,24-310,29,28,2509.0,1,1,7,1,1.3,1.5,50,199,5,0.04,0.04,0.05,0.05,N/a,N/a,N/a,N/a,31.3,0.18,0.06,14.1,1741,88.5,34428,93.5,93.5,66.6,13,188,15,4,199,45,1.61,3,0.11,38,25,36,17,32,19,13,22,2232,237,955,1154,142,28,10,40.0,40.0,1471,9213,6356,50,39,0,10,7,1563,5,22,19,0,10,114,71,45,61.2
Jannik Vestergaard,DEN,Leicester City,DF,32-254,18,16,1391.0,0,0,5,0,0.1,0.1,3,32,2,0.00,0.00,0.01,0.01,N/a,N/a,N/a,N/a,66.7,0.13,0.00,9.7,870,90.7,14697,95.0,93.7,59.3,3,34,1,0,32,7,0.45,0,0.00,22,10,15,6,21,14,7,16,1092,196,572,497,28,10,4,100.0,0.0,672,2932,1458,3,3,0,2,0,757,2,12,4,0,0,46,26,19,57.8
Jarrad Branthwaite,ENG,Everton,DF,22-291,25,23,2078.0,0,1,4,0,0.8,0.6,9,54,1,0.00,0.04,0.03,0.02,N/a,N/a,N/a,N/a,28.6,0.09,0.00,8.2,763,81.1,14891,88.9,90.6,52.9,2,69,2,0,54,12,0.52,2,0.09,33,18,25,7,27,19,8,23,1221,176,646,528,54,20,5,60.0,20.0,580,3253,1974,9,13,2,8,3,695,1,8,12,1,2,76,45,34,57.0
Jarrod Bowen,ENG,West Ham,"FW,MF",28-115,28,28,2456.0,8,5,1,0,7.2,5.4,89,81,166,0.29,0.18,0.26,0.20,N/a,N/a,N/a,N/a,40.8,1.06,0.10,17.8,470,71.2,7776,83.2,76.8,53.0,45,37,39,6,81,97,3.55,11,0.40,36,23,37,20,20,3,17,16,1030,24,120,374,559,141,108,37.0,54.6,605,4414,2115,89,39,49,63,64,660,166,17,43,8,93,117,8,40,16.7
Jean-Clair Todibo,FRA,West Ham,DF,25-105,21,14,1305.0,0,0,2,0,0.2,0.0,8,26,4,0.00,0.00,0.01,0.00,N/a,N/a,N/a,N/a,0.0,0.00,0.00,14.6,654,87.0,11601,92.2,94.5,44.2,2,35,1,0,26,5,0.34,0,0.00,33,20,25,5,19,10,9,19,911,127,515,370,34,9,13,53.8,46.2,529,2328,1186,8,5,0,7,7,620,4,10,5,0,2,55,22,21,51.2
Jean-Philippe Mateta,FRA,Crystal Palace,FW,27-290,30,28,2302.0,13,2,2,0,11.6,3.0,34,44,111,0.51,0.08,0.45,0.12,N/a,N/a,N/a,N/a,41.1,0.90,0.20,15.4,258,65.0,3424,77.0,62.1,33.3,26,30,14,1,44,52,2.03,7,0.27,17,12,16,13,14,3,11,2,648,24,55,312,295,83,40,42.5,47.5,343,1769,827,34,19,8,62,38,473,111,26,23,17,23,59,55,93,37.2
Jean-Ricner Bellegarde,FRA,Wolves,"MF,FW",26-291,30,18,1479.0,2,6,3,0,1.3,3.6,46,35,80,0.12,0.37,0.08,0.22,N/a,N/a,N/a,N/a,25.0,0.30,0.10,21.7,401,79.4,6195,89.7,80.8,58.8,26,27,15,7,35,53,3.23,10,0.61,32,18,18,6,17,3,14,10,718,23,126,325,283,41,58,22.4,53.4,442,2764,1345,46,34,10,36,23,496,80,29,39,1,37,55,8,18,30.8
Jefferson Lerma,COL,Crystal Palace,"MF,DF",30-171,26,21,1811.0,0,1,6,0,1.0,1.5,10,81,24,0.00,0.05,0.05,0.07,N/a,N/a,N/a,N/a,29.2,0.35,0.00,19.4,708,75.7,12387,86.8,80.5,47.9,9,76,15,2,81,40,1.99,3,0.15,26,12,30,16,28,15,13,34,1155,87,367,602,196,24,11,54.5,27.3,528,2053,902,10,9,0,10,15,678,24,29,35,0,7,129,39,36,52.0
Jens Cajuste,SWE,Ipswich Town,MF,25-247,25,22,1694.0,1,0,2,0,0.5,0.6,23,45,15,0.05,0.00,0.03,0.03,N/a,N/a,N/a,N/a,10.0,0.05,0.10,21.3,554,82.7,9184,89.1,85.8,50.9,11,45,5,1,45,30,1.59,1,0.05,39,19,46,27,22,8,14,24,871,54,246,459,179,11,43,55.8,30.2,393,2163,1124,23,20,3,19,12,498,15,21,21,0,9,93,12,20,37.5
Jeremy Doku,BEL,Manchester City,"FW,MF",22-322,23,14,1277.0,3,4,1,0,1.0,3.5,169,60,227,0.21,0.28,0.07,0.25,N/a,N/a,N/a,N/a,37.5,0.63,0.13,18.2,501,79.7,7032,86.6,82.2,66.7,24,10,40,5,60,60,4.23,9,0.63,27,19,14,7,10,1,9,4,851,4,40,200,634,117,168,55.4,28.6,657,6178,3880,169,79,77,49,50,706,227,7,28,5,47,49,0,10,0.0
Jesper Lindstrøm,DEN,Everton,FW,25-044,25,15,1239.0,0,1,2,0,2.1,2.0,30,25,81,0.00,0.07,0.15,0.15,N/a,N/a,N/a,N/a,35.7,0.73,0.00,21.0,297,69.4,4593,86.2,65.7,44.6,19,18,12,7,25,46,3.35,1,0.07,45,25,55,36,15,3,12,12,625,22,127,206,303,40,43,18.6,72.1,302,1627,780,30,19,7,31,24,347,81,15,10,1,71,70,6,12,33.3
Joachim Andersen,DEN,Fulham,DF,28-318,22,22,1953.0,0,0,5,1,0.4,0.3,11,95,1,0.00,0.00,0.02,0.02,N/a,N/a,N/a,N/a,16.7,0.09,0.00,18.2,1291,83.1,28499,91.9,93.7,56.3,3,151,4,1,95,23,1.07,2,0.09,24,17,19,6,23,18,5,28,1794,267,936,801,67,13,4,100.0,0.0,1056,4845,2379,11,8,1,4,3,1256,1,15,11,0,6,88,52,29,64.2
Joe Aribo,NGA,Southampton,"MF,DF",28-267,30,20,1909.0,3,0,1,0,2.7,1.6,35,71,64,0.14,0.00,0.13,0.07,N/a,N/a,N/a,N/a,41.2,0.33,0.18,14.0,878,88.5,13041,91.3,90.9,68.9,16,50,4,1,71,37,1.75,1,0.05,44,30,34,17,24,9,15,20,1203,46,288,632,294,44,46,39.1,47.8,708,3880,1923,35,28,12,25,16,879,64,20,28,1,10,110,25,21,54.3
Joelinton,BRA,Newcastle Utd,"MF,FW",28-243,27,27,2242.0,4,2,9,0,3.9,2.1,37,112,102,0.16,0.08,0.16,0.08,N/a,N/a,N/a,N/a,29.5,0.52,0.09,14.0,809,83.1,11448,88.0,87.4,56.0,21,78,16,1,112,57,2.29,8,0.32,55,34,43,19,35,6,29,22,1278,65,248,623,421,78,45,31.1,62.2,689,3427,1687,37,24,8,37,51,871,102,54,33,7,15,143,53,43,55.2
John McGinn,SCO,Aston Villa,"MF,FW",30-178,28,23,1891.0,1,3,7,0,2.5,3.3,27,87,66,0.05,0.14,0.12,0.16,N/a,N/a,N/a,N/a,12.5,0.14,0.04,16.6,615,83.2,10384,91.3,86.7,61.1,26,60,26,7,87,63,3.00,6,0.29,27,18,22,12,16,1,15,11,919,22,143,498,288,47,43,39.5,27.9,510,2522,1077,27,16,5,32,24,651,66,43,60,3,48,87,15,7,68.2
Jordan Ayew,GHA,Leicester City,"FW,MF",33-215,25,15,1310.0,4,0,5,0,2.8,0.8,38,31,68,0.27,0.00,0.19,0.05,N/a,N/a,N/a,N/a,28.0,0.48,0.12,18.4,316,72.3,4618,85.7,73.5,35.6,12,20,11,6,31,30,2.06,1,0.07,24,13,19,13,14,0,14,12,649,18,89,331,251,46,52,36.5,51.9,389,2649,1195,38,30,7,51,31,434,68,27,43,5,47,81,33,53,38.4
Jordan Pickford,ENG,Everton,GK,31-038,32,32,2880.0,0,1,6,0,0.0,0.4,0,0,0,0.00,0.03,0.00,0.01,1.19,71.0,31.3,100.0,N/a,0.00,N/a,N/a,864,65.2,27839,99.2,98.4,45.8,2,62,8,0,0,12,0.37,2,0.06,1,0,2,1,0,0,0,1,1418,924,1355,64,0,0,0,N/a,N/a,788,4815,2800,0,0,0,2,0,690,0,0,6,0,0,28,4,1,80.0
Joshua Zirkzee,NED,Manchester Utd,"FW,MF",23-327,32,14,1402.0,3,1,2,0,4.8,1.5,14,44,69,0.19,0.06,0.31,0.10,N/a,N/a,N/a,N/a,39.3,0.71,0.11,13.1,292,71.2,3600,78.1,74.4,50.0,12,26,6,0,44,31,1.99,3,0.19,14,8,10,5,15,4,11,6,587,16,71,303,219,56,35,31.4,68.6,327,1483,523,14,21,4,41,30,418,69,9,13,3,4,57,21,54,28.0
José Sá,POR,Wolves,GK,32-087,25,25,2250.0,0,0,2,0,0.0,0.1,0,2,0,0.00,0.00,0.00,0.01,1.76,61.5,24.0,20.0,N/a,0.00,N/a,N/a,482,62.4,12711,99.0,97.1,30.0,2,17,1,0,2,4,0.16,0,0.00,2,2,2,0,0,0,0,0,829,658,821,9,0,0,6,100.0,0.0,509,3070,1964,0,0,0,1,0,402,0,3,8,0,0,29,8,0,100.0
João Gomes,BRA,Wolves,MF,24-061,30,30,2511.0,3,1,10,1,2.6,1.1,50,141,62,0.11,0.04,0.09,0.04,N/a,N/a,N/a,N/a,21.9,0.25,0.09,18.3,1144,85.2,16520,90.9,86.0,61.2,20,105,21,1,141,57,2.04,3,0.11,91,55,89,54,37,3,34,25,1662,55,357,911,416,38,50,44.0,44.0,868,5084,2450,50,47,6,32,45,1106,62,62,36,1,25,163,9,22,29.0
João Pedro,BRA,Brighton,"FW,MF",23-200,26,22,1888.0,10,6,4,0,8.9,4.8,64,76,123,0.48,0.29,0.42,0.23,N/a,N/a,N/a,N/a,36.6,0.72,0.12,17.1,465,72.8,6612,78.9,74.6,66.7,29,42,35,4,76,70,3.34,9,0.43,15,11,10,7,12,0,12,8,903,10,55,373,489,120,78,34.6,52.6,590,3654,1757,64,37,29,70,37,708,123,23,45,2,21,57,40,42,48.8
Joël Veltman,NED,Brighton,DF,33-089,19,19,1643.0,0,0,4,0,0.5,0.5,29,79,32,0.00,0.00,0.03,0.03,N/a,N/a,N/a,N/a,16.7,0.05,0.00,19.7,716,80.0,12082,89.8,80.6,63.3,6,61,8,5,79,22,1.21,1,0.05,42,28,51,21,22,7,15,18,1097,64,327,540,240,10,15,26.7,33.3,524,2780,1414,29,22,3,19,7,598,32,26,42,0,23,67,21,18,53.8
Joško Gvardiol,CRO,Manchester City,DF,23-081,31,30,2737.0,5,0,1,0,4.2,2.0,77,225,96,0.16,0.00,0.14,0.07,N/a,N/a,N/a,N/a,31.4,0.36,0.14,13.3,2079,90.6,33420,94.1,92.6,68.6,25,197,19,1,225,66,2.17,6,0.20,50,34,34,15,35,17,18,33,2615,122,643,1285,709,82,39,59.0,33.3,1688,8875,4938,77,89,13,24,15,1911,96,12,19,2,19,123,45,28,61.6
Jurriën Timber,NED,Arsenal,DF,23-301,29,26,2327.0,1,2,7,0,1.2,0.8,53,141,104,0.04,0.08,0.05,0.03,N/a,N/a,N/a,N/a,28.6,0.15,0.07,14.1,1118,85.1,16097,90.6,85.5,52.1,16,98,16,2,141,50,1.93,8,0.31,57,37,26,9,19,4,15,21,1575,50,283,807,492,66,53,45.3,45.3,837,3662,1923,53,26,11,32,23,978,104,31,29,6,28,91,22,19,53.7
Justin Kluivert,NED,Bournemouth,"MF,FW",25-344,28,24,1936.0,12,6,6,0,9.9,4.7,64,88,132,0.56,0.28,0.46,0.22,N/a,N/a,N/a,N/a,44.0,1.02,0.12,20.1,451,72.5,7052,82.3,75.2,52.8,43,37,26,4,88,88,4.09,11,0.51,20,9,19,15,20,0,20,13,879,21,87,295,517,111,76,40.8,47.4,511,3273,1885,64,44,33,44,24,562,132,38,25,5,71,66,7,22,24.1
Jørgen Strand Larsen,NOR,Wolves,FW,25-067,30,27,2314.0,12,2,4,0,9.2,2.4,14,25,96,0.47,0.08,0.36,0.09,N/a,N/a,N/a,N/a,64.6,1.21,0.25,11.8,257,64.1,3319,71.9,63.4,73.3,19,16,4,1,25,38,1.48,4,0.16,9,6,23,19,17,4,13,4,647,32,80,307,261,96,15,46.7,53.3,304,1035,425,14,12,7,83,31,469,96,42,17,14,5,41,60,91,39.7
Kai Havertz,GER,Arsenal,"FW,MF",25-307,21,21,1839.0,9,3,4,0,9.4,2.4,34,59,110,0.44,0.15,0.46,0.12,N/a,N/a,N/a,N/a,40.4,1.03,0.17,11.7,401,78.5,4833,84.1,82.5,45.5,16,26,8,1,59,41,2.01,3,0.15,16,9,15,11,22,4,18,6,768,31,88,282,403,103,38,23.7,63.2,411,1957,922,34,23,18,42,22,575,110,36,21,14,11,39,62,73,45.9
Kalvin Phillips,ENG,Ipswich Town,MF,29-133,18,14,1214.0,0,0,6,1,0.4,0.2,4,49,4,0.00,0.00,0.03,0.02,N/a,N/a,N/a,N/a,20.0,0.15,0.00,24.2,426,79.3,8392,82.9,86.6,62.1,5,48,6,1,49,17,1.26,3,0.22,34,19,38,23,35,6,29,19,722,60,220,388,118,4,12,41.7,50.0,302,1447,541,4,5,0,24,10,383,4,28,19,0,18,68,7,21,25.0
Kamaldeen Sulemana,GHA,Southampton,"FW,MF",23-058,20,11,972.0,1,1,0,0,1.1,0.7,50,20,67,0.09,0.09,0.10,0.07,N/a,N/a,N/a,N/a,31.6,0.56,0.05,17.8,209,78.9,3052,89.0,83.3,39.1,9,6,9,6,20,24,2.22,3,0.28,14,12,12,5,9,0,9,5,429,11,56,163,226,42,80,37.5,55.0,282,2479,1247,50,33,20,34,20,303,67,12,10,1,22,48,6,20,23.1
Kaoru Mitoma,JPN,Brighton,"FW,MF",27-329,31,28,2467.0,7,3,1,0,7.5,4.4,135,80,274,0.26,0.11,0.27,0.16,N/a,N/a,N/a,N/a,46.0,0.84,0.14,14.1,685,75.4,8929,86.7,70.9,44.9,35,32,32,8,80,81,2.96,8,0.29,41,24,44,27,45,3,42,13,1265,14,143,438,711,151,126,38.1,57.9,764,6138,3567,135,74,54,48,22,888,274,38,23,5,69,91,24,26,48.0
Keane Lewis-Potter,ENG,Brentford,"DF,FW",24-051,32,30,2639.0,1,2,5,0,2.6,2.5,90,85,136,0.03,0.07,0.09,0.09,N/a,N/a,N/a,N/a,51.9,0.48,0.04,20.5,828,76.7,13524,89.2,78.3,49.0,21,54,39,14,85,63,2.15,7,0.24,43,25,41,15,24,9,15,17,1376,92,415,527,451,69,90,38.9,51.1,721,5297,2825,90,61,34,41,18,813,136,13,26,4,66,128,26,32,44.8
Kenny Tete,NED,Fulham,DF,29-187,16,15,1271.0,0,2,3,0,1.0,0.7,33,42,39,0.00,0.14,0.07,0.05,N/a,N/a,N/a,N/a,11.1,0.14,0.00,16.4,576,81.6,9210,91.5,80.0,63.9,5,53,6,4,42,23,1.63,3,0.21,41,27,28,11,19,6,13,28,881,48,273,383,232,26,17,47.1,23.5,460,2301,1126,33,17,7,16,10,511,39,23,13,0,19,50,15,11,57.7
Kepa Arrizabalaga,ESP,Bournemouth,GK,30-193,24,24,2160.0,0,0,3,0,0.1,0.0,0,0,0,0.00,0.00,0.00,0.00,1.37,73.4,20.8,0.0,0.0,0.00,0.00,9.7,567,71.5,15640,97.8,98.0,46.6,1,8,0,0,0,4,0.17,0,0.00,1,0,1,1,1,0,1,0,843,617,820,22,1,1,1,100.0,0.0,488,2436,1381,0,0,0,0,0,378,0,2,4,0,0,44,5,1,83.3
Kevin De Bruyne,BEL,Manchester City,MF,33-290,22,14,1279.0,3,7,2,0,3.1,7.1,41,119,119,0.21,0.49,0.22,0.50,N/a,N/a,N/a,N/a,26.7,0.84,0.07,22.3,683,76.1,11577,85.8,77.1,58.7,44,67,47,10,119,91,6.40,11,0.77,13,6,18,15,7,0,7,6,1038,10,65,346,635,61,30,40.0,46.7,606,3126,1688,41,40,16,22,23,786,119,14,14,5,95,46,4,12,25.0
Kevin Schade,GER,Brentford,FW,23-138,32,20,1845.0,7,2,3,0,5.9,3.2,54,32,137,0.34,0.10,0.29,0.16,N/a,N/a,N/a,N/a,42.9,0.88,0.17,11.8,268,58.1,4167,68.5,59.4,40.0,18,28,8,2,32,44,2.15,8,0.39,33,22,20,8,14,2,12,5,730,34,114,203,427,114,73,34.2,57.5,373,2696,1229,54,26,33,45,33,452,137,19,31,13,35,69,72,60,54.5
Kieran Trippier,ENG,Newcastle Utd,DF,34-207,20,10,949.0,0,0,1,0,0.1,0.7,18,61,32,0.00,0.00,0.01,0.06,N/a,N/a,N/a,N/a,0.0,0.00,0.00,22.2,715,81.8,12139,94.4,84.9,44.3,13,41,7,1,61,35,3.32,1,0.09,27,16,28,12,5,1,4,11,970,38,302,420,256,9,7,57.1,42.9,444,1710,935,18,9,3,7,4,593,32,13,7,2,53,50,16,9,64.0
Kobbie Mainoo,ENG,Manchester Utd,MF,19-360,19,15,1294.0,0,0,5,0,0.5,1.5,19,54,36,0.00,0.00,0.04,0.11,N/a,N/a,N/a,N/a,10.0,0.07,0.00,20.2,589,86.4,7845,91.7,88.6,74.3,13,45,9,0,54,25,1.74,1,0.07,37,24,33,13,15,2,13,17,859,17,166,487,213,30,41,48.8,46.3,532,2359,1036,19,12,9,25,30,609,36,24,19,2,4,72,16,25,39.0
Konstantinos Mavropanos,GRE,West Ham,DF,27-124,28,19,1849.0,0,0,5,1,1.5,0.5,16,58,2,0.00,0.00,0.07,0.02,N/a,N/a,N/a,N/a,29.4,0.24,0.00,15.0,960,85.7,18880,91.1,92.1,57.8,4,58,4,1,58,14,0.68,0,0.00,32,22,25,11,21,15,6,38,1358,202,704,602,60,22,17,52.9,29.4,745,3730,2069,16,10,1,12,0,885,2,16,14,3,2,65,55,23,70.5
Kristoffer Ajer,NOR,Brentford,DF,26-362,19,17,1363.0,0,0,4,0,0.8,1.2,26,51,41,0.00,0.00,0.05,0.08,N/a,N/a,N/a,N/a,37.5,0.20,0.00,10.2,467,78.0,7318,86.9,79.4,49.1,7,41,7,4,51,17,1.12,2,0.13,23,16,25,12,17,4,13,12,739,50,247,345,152,35,14,50.0,42.9,361,1982,1133,26,10,2,15,12,463,41,11,6,1,14,40,27,21,56.3
Kyle Walker,ENG,Manchester City,DF,34-321,15,9,970.0,0,0,3,0,0.1,0.4,12,64,11,0.00,0.00,0.01,0.04,N/a,N/a,N/a,N/a,40.0,0.19,0.00,27.7,724,87.7,11928,94.6,91.3,51.2,7,63,7,4,64,17,1.58,0,0.00,17,10,26,12,13,4,9,3,892,26,197,473,228,5,6,50.0,33.3,499,2284,1106,12,13,0,9,2,630,11,6,5,1,14,46,9,7,56.3
Kyle Walker-Peters,ENG,Southampton,DF,28-001,30,30,2648.0,0,2,5,0,0.6,2.7,108,129,127,0.00,0.07,0.02,0.09,N/a,N/a,N/a,N/a,29.4,0.17,0.00,19.1,1380,88.3,20848,94.0,90.0,61.4,23,108,29,4,129,55,1.87,6,0.20,43,28,33,17,25,14,11,17,1859,139,568,808,497,53,80,38.8,45.0,1152,7334,4065,108,66,22,29,35,1309,127,26,47,2,51,123,10,20,33.3
Leandro Trossard,BEL,Arsenal,FW,30-131,32,23,2091.0,5,5,4,1,5.6,5.0,69,85,185,0.22,0.22,0.24,0.22,N/a,N/a,N/a,N/a,28.8,0.73,0.08,16.6,563,73.8,9263,84.9,76.2,51.9,35,36,41,9,85,74,3.18,6,0.26,25,16,29,20,25,0,25,9,1025,14,114,315,612,122,69,42.0,44.9,647,4008,1785,69,46,26,48,38,755,185,23,39,5,77,87,5,20,20.0
Leif Davis,ENG,Ipswich Town,DF,25-092,30,29,2532.0,1,2,5,0,0.9,4.3,47,55,117,0.04,0.07,0.03,0.15,N/a,N/a,N/a,N/a,14.3,0.07,0.07,20.4,846,71.3,14609,85.9,77.3,37.3,54,30,26,11,55,85,3.02,4,0.14,45,26,46,17,24,8,16,24,1448,114,513,477,477,36,37,35.1,45.9,654,3543,1924,47,27,10,36,14,766,117,24,30,3,148,110,32,22,59.3
Leny Yoro,FRA,Manchester Utd,DF,19-152,17,10,967.0,0,0,5,0,0.7,0.0,16,43,4,0.00,0.00,0.07,0.00,N/a,N/a,N/a,N/a,20.0,0.09,0.00,8.6,593,92.5,9603,95.4,94.7,65.0,0,39,2,1,43,5,0.47,0,0.00,23,10,15,6,5,3,2,17,749,70,351,349,51,10,3,33.3,66.7,516,2508,1352,16,10,1,2,2,552,4,8,1,1,1,32,11,13,45.8
Leon Bailey,JAM,Aston Villa,"FW,MF",27-248,23,14,1138.0,1,2,3,0,1.7,1.5,57,35,121,0.08,0.16,0.14,0.12,N/a,N/a,N/a,N/a,21.4,0.47,0.04,17.3,273,70.7,4275,81.4,81.1,47.4,16,16,20,2,35,38,3.01,4,0.32,6,4,10,8,6,0,6,3,539,18,76,155,318,69,57,38.6,42.1,344,2540,1334,57,22,33,35,25,386,121,12,18,3,34,59,6,9,40.0
Lesley Ugochukwu,FRA,Southampton,MF,21-019,21,13,1267.0,0,1,5,0,0.7,1.0,22,47,19,0.00,0.07,0.05,0.07,N/a,N/a,N/a,N/a,0.0,0.00,0.00,18.8,474,84.9,7305,88.1,91.7,57.1,13,48,6,1,47,21,1.49,1,0.07,43,20,30,15,23,7,16,10,696,34,156,404,142,19,24,70.8,25.0,380,2022,927,22,11,5,8,9,480,19,26,13,0,5,49,14,12,53.8
Levi Colwill,ENG,Chelsea,DF,22-047,29,29,2609.0,1,1,7,0,1.0,1.1,12,121,9,0.03,0.03,0.04,0.04,N/a,N/a,N/a,N/a,21.4,0.10,0.07,10.4,2036,89.6,36960,92.9,95.0,57.7,14,138,7,3,121,36,1.24,3,0.10,36,24,25,9,31,22,9,30,2506,308,1158,1237,120,29,8,62.5,37.5,1416,6425,3574,12,11,1,11,7,1835,9,37,17,4,13,97,73,46,61.3
Lewis Cook,ENG,Bournemouth,"MF,DF",28-070,30,28,2572.0,1,3,7,0,0.9,4.1,33,147,46,0.03,0.10,0.03,0.14,N/a,N/a,N/a,N/a,30.8,0.14,0.08,23.7,1071,76.5,18616,84.9,84.4,45.9,46,144,25,10,147,84,2.94,5,0.17,70,39,61,28,26,8,18,39,1676,72,387,882,426,19,16,62.5,37.5,742,3718,2048,33,26,4,28,15,835,46,45,9,3,119,170,37,32,53.6
Lewis Dunk,ENG,Brighton,DF,33-144,22,20,1813.0,0,0,5,0,0.7,0.5,20,134,3,0.00,0.00,0.03,0.03,N/a,N/a,N/a,N/a,20.0,0.10,0.00,13.4,1606,90.8,30025,96.7,95.0,62.6,6,151,5,0,134,16,0.79,3,0.15,16,9,17,7,22,15,7,12,1908,230,906,918,94,17,1,0.0,100.0,1198,5604,3071,20,16,0,6,3,1406,3,7,8,2,4,94,44,28,61.1
Lewis Hall,ENG,Newcastle Utd,DF,20-218,27,24,2189.0,0,4,3,0,0.4,4.3,41,123,80,0.00,0.16,0.02,0.18,N/a,N/a,N/a,N/a,9.1,0.04,0.00,18.8,1300,81.7,21999,91.3,85.1,51.5,34,114,17,5,123,63,2.59,6,0.25,58,41,74,34,33,18,15,18,1820,95,623,804,414,47,21,52.4,33.3,950,4398,2358,41,22,13,33,20,1094,80,9,21,1,110,119,30,31,49.2
Liam Delap,ENG,Ipswich Town,FW,22-065,31,29,2344.0,12,2,8,0,9.0,1.9,58,30,101,0.46,0.08,0.35,0.07,N/a,N/a,N/a,N/a,45.8,1.04,0.17,15.8,201,61.1,2808,70.0,63.4,40.9,20,16,6,0,30,60,2.31,7,0.27,10,7,14,12,8,0,8,2,619,28,72,257,308,85,77,48.1,41.6,406,3051,1439,58,42,28,92,55,488,101,63,46,13,5,57,50,61,45.0
Lisandro Martínez,ARG,Manchester Utd,DF,27-086,20,20,1751.0,2,1,7,0,1.3,1.1,23,117,7,0.10,0.05,0.07,0.06,N/a,N/a,N/a,N/a,35.3,0.31,0.12,15.9,1200,89.4,20292,94.2,93.0,55.2,9,91,18,2,117,26,1.34,2,0.10,40,24,36,15,22,8,14,32,1524,156,713,697,125,18,7,85.7,14.3,1017,5141,3129,23,23,2,1,3,1069,7,22,7,0,9,81,16,13,55.2
Lucas Bergvall,SWE,Tottenham,MF,19-071,25,10,1112.0,0,1,3,0,0.7,0.6,30,48,28,0.00,0.08,0.06,0.05,N/a,N/a,N/a,N/a,16.7,0.16,0.00,19.9,600,88.4,9970,92.6,90.8,75.0,11,50,7,3,48,21,1.70,4,0.32,36,19,30,13,16,7,9,22,833,34,174,452,220,20,44,47.7,43.2,506,3232,1558,30,21,4,19,18,558,28,20,13,0,18,70,8,8,50.0
Lucas Digne,FRA,Aston Villa,DF,31-268,29,26,2151.0,0,4,3,0,0.8,4.1,21,51,135,0.00,0.17,0.03,0.17,N/a,N/a,N/a,N/a,23.1,0.13,0.00,22.7,893,75.1,14338,88.2,78.7,37.7,34,41,27,17,51,59,2.47,5,0.21,60,34,58,18,23,4,19,25,1422,86,485,434,513,28,18,50.0,44.4,652,2822,1253,21,14,4,17,15,778,135,18,13,7,136,95,32,26,55.2
Lucas Paquetá,BRA,West Ham,"MF,FW",27-230,28,24,2077.0,4,0,8,0,5.1,2.7,18,119,78,0.17,0.00,0.22,0.12,N/a,N/a,N/a,N/a,8.3,0.13,0.06,19.5,931,76.6,15207,83.5,78.2,61.5,30,111,34,2,119,68,2.95,6,0.26,59,34,45,23,26,4,22,16,1513,49,298,841,386,53,37,40.5,45.9,777,2670,1110,18,28,2,49,47,1062,78,44,51,6,25,128,43,56,43.4
Luis Díaz,COL,Liverpool,FW,28-091,31,24,2061.0,11,5,2,0,9.1,4.4,101,98,259,0.48,0.22,0.40,0.19,N/a,N/a,N/a,N/a,41.9,1.14,0.18,13.9,662,84.3,10648,89.2,86.1,81.8,49,43,39,5,98,108,4.72,16,0.70,31,19,32,21,14,0,14,6,1053,14,73,366,633,150,106,45.3,44.3,696,5177,2703,101,48,55,50,42,829,259,45,27,9,28,93,11,29,27.5
Luke Woolfenden,ENG,Ipswich Town,DF,26-175,13,10,1007.0,0,0,2,0,0.0,0.0,7,15,0,0.00,0.00,0.00,0.00,N/a,N/a,N/a,N/a,0.0,0.00,0.00,12.9,437,87.9,8028,96.4,93.7,52.3,0,27,0,0,15,2,0.18,0,0.00,9,6,5,3,17,11,6,18,608,126,345,254,9,3,0,N/a,N/a,331,1900,1111,7,3,0,4,0,389,0,5,2,1,0,33,15,11,57.7
Mads Hermansen,DEN,Leicester City,GK,24-277,25,25,2205.0,0,0,1,0,0.0,0.0,0,1,0,0.00,0.00,0.00,0.00,2.20,64.1,4.0,25.0,N/a,0.00,N/a,N/a,602,61.2,15807,98.6,94.7,33.2,0,19,1,0,1,3,0.12,0,0.00,1,1,1,0,1,0,1,0,1050,756,1010,42,0,0,1,100.0,0.0,668,3363,1790,0,0,0,1,0,571,0,0,2,0,0,14,4,1,80.0
Mads Roerslev,DEN,Brentford,DF,25-294,19,11,1101.0,0,2,2,0,0.2,3.0,17,51,54,0.00,0.16,0.02,0.24,N/a,N/a,N/a,N/a,40.0,0.16,0.00,20.8,422,78.7,6925,88.0,79.9,55.1,14,37,11,4,51,21,1.72,2,0.16,18,8,28,17,12,5,7,4,645,49,234,268,146,20,19,36.8,42.1,352,1630,858,17,13,0,9,6,407,54,6,10,0,31,39,10,14,41.7
Malo Gusto,FRA,Chelsea,DF,21-330,27,19,1776.0,0,1,4,0,1.7,1.2,47,112,81,0.00,0.05,0.08,0.06,N/a,N/a,N/a,N/a,14.3,0.15,0.00,21.2,1136,86.3,18576,93.4,88.0,61.1,20,104,17,6,112,55,2.79,4,0.20,43,28,46,22,28,8,20,22,1510,54,370,727,424,41,15,26.7,66.7,827,4184,2110,47,32,8,15,17,1014,81,20,17,2,50,109,8,15,34.8
Manuel Akanji,SUI,Manchester City,DF,29-269,20,20,1707.0,0,0,3,0,0.7,0.4,38,135,6,0.00,0.00,0.04,0.02,N/a,N/a,N/a,N/a,10.0,0.05,0.00,16.3,1389,93.9,22799,96.0,95.5,73.9,9,149,11,2,135,34,1.79,2,0.11,15,10,12,5,11,8,3,7,1591,108,472,773,348,11,2,100.0,0.0,1041,5502,3286,38,52,0,4,5,1258,6,16,9,0,11,86,23,29,44.2
Manuel Ugarte Ribeiro,URU,Manchester Utd,MF,24-003,24,19,1532.0,1,0,9,0,0.8,0.6,9,49,18,0.06,0.00,0.05,0.03,N/a,N/a,N/a,N/a,18.8,0.18,0.06,22.0,650,87.1,10629,89.3,92.6,73.6,7,43,9,3,49,25,1.47,2,0.12,67,42,56,33,26,3,23,24,966,40,279,538,165,14,29,51.7,34.5,545,2190,927,9,9,1,27,20,588,18,35,28,0,7,107,17,17,50.0
Marc Cucurella,ESP,Chelsea,DF,26-266,30,27,2448.0,4,1,9,1,2.2,1.8,29,92,102,0.15,0.04,0.08,0.07,N/a,N/a,N/a,N/a,38.9,0.26,0.22,16.5,1396,87.7,21799,93.9,89.7,55.7,17,100,10,3,92,44,1.62,5,0.18,53,36,48,24,39,12,27,21,1841,91,556,838,454,65,13,30.8,53.8,784,3257,1907,29,15,2,25,5,1153,102,31,31,3,28,106,25,48,34.2
Marc Guéhi,ENG,Crystal Palace,DF,24-275,29,29,2609.0,3,2,9,1,1.7,1.1,17,119,8,0.10,0.07,0.06,0.04,N/a,N/a,N/a,N/a,50.0,0.21,0.25,9.8,1271,83.5,24571,91.4,88.8,55.7,10,115,9,3,119,32,1.10,5,0.17,53,29,42,13,50,21,29,23,1836,275,934,798,114,24,14,78.6,14.3,963,4860,2536,17,15,1,14,15,1129,8,20,24,1,11,127,63,45,58.3
Marcos Senesi,ARG,Bournemouth,DF,27-339,13,11,963.0,0,0,4,0,0.8,0.2,12,50,5,0.00,0.00,0.08,0.02,N/a,N/a,N/a,N/a,0.0,0.00,0.00,6.0,474,76.6,9852,87.8,85.9,50.6,3,73,12,3,50,16,1.50,1,0.09,35,21,28,14,14,6,8,11,749,62,326,366,66,12,9,55.6,44.4,464,2404,1418,12,14,0,5,5,472,5,17,7,0,9,64,23,26,46.9
Marcus Rashford,ENG,Manchester Utd,"FW,MF",27-165,15,12,978.0,4,1,2,0,1.7,2.1,20,21,79,0.37,0.09,0.16,0.19,N/a,N/a,N/a,N/a,56.3,0.83,0.25,16.4,253,73.8,3508,83.6,65.9,50.0,15,13,16,8,21,29,2.67,1,0.09,7,4,9,6,8,0,8,4,440,3,35,189,222,34,39,23.1,66.7,293,1694,728,20,19,12,14,6,341,79,8,7,7,27,24,5,7,41.7
Marcus Tavernier,ENG,Bournemouth,"FW,MF",26-023,22,16,1505.0,3,5,5,0,5.2,2.8,36,95,101,0.18,0.30,0.31,0.17,N/a,N/a,N/a,N/a,31.9,0.90,0.06,20.4,498,72.2,8483,86.7,77.7,43.4,36,60,28,9,95,82,4.90,10,0.60,38,23,25,16,12,2,10,4,905,17,100,345,480,47,47,42.6,51.1,510,3047,1435,36,33,7,36,41,571,101,23,20,4,88,92,21,29,42.0
Mario Lemina,GAB,Wolves,"MF,DF",31-225,17,15,1364.0,1,3,4,0,1.4,1.1,8,48,21,0.07,0.20,0.09,0.07,N/a,N/a,N/a,N/a,27.8,0.33,0.06,21.9,493,80.4,9479,85.0,87.7,61.1,10,43,13,4,48,26,1.71,5,0.33,51,31,29,9,12,7,5,27,809,92,324,378,119,18,16,62.5,25.0,382,2068,1038,8,12,2,21,11,482,21,17,8,4,10,73,25,16,61.0
Mark Flekken,NED,Brentford,GK,31-305,31,31,2735.0,0,1,1,0,0.0,0.2,0,0,0,0.00,0.03,0.00,0.01,1.51,74.0,16.1,0.0,N/a,0.00,N/a,N/a,1083,73.6,31840,97.8,97.5,50.2,2,43,2,0,0,7,0.23,1,0.03,3,3,8,6,2,0,2,0,1567,1225,1521,51,0,0,1,100.0,0.0,953,4797,2730,0,0,0,3,0,875,0,0,3,0,0,35,4,0,100.0
Martin Ødegaard,NOR,Arsenal,MF,26-118,24,21,1865.0,2,4,4,0,4.2,4.2,67,198,126,0.10,0.19,0.20,0.20,N/a,N/a,N/a,N/a,30.6,0.53,0.03,18.5,964,82.4,14639,90.7,87.5,48.2,49,102,65,5,198,95,4.59,10,0.48,18,10,23,19,4,0,4,3,1319,6,89,556,688,85,48,41.7,56.3,896,5500,2753,67,57,18,26,36,1039,126,10,19,1,75,77,8,7,53.3
Mateo Kovačić,CRO,Manchester City,MF,30-343,26,21,1857.0,5,1,5,0,1.6,3.5,48,134,14,0.24,0.05,0.08,0.17,N/a,N/a,N/a,N/a,25.7,0.44,0.14,21.9,1450,92.8,22292,95.1,95.7,62.0,28,163,26,0,134,58,2.81,6,0.29,58,34,57,30,18,0,18,19,1766,43,258,1003,525,15,38,52.6,28.9,1189,6983,3257,48,65,3,16,28,1430,14,22,21,0,0,101,9,7,56.3
Mateus Fernandes,POR,Southampton,MF,20-278,30,28,2409.0,2,3,8,0,3.7,2.4,67,122,91,0.07,0.11,0.14,0.09,N/a,N/a,N/a,N/a,37.8,0.52,0.05,18.6,911,79.5,15434,87.1,85.5,55.3,27,81,19,4,122,62,2.32,6,0.22,76,42,58,31,34,3,31,19,1472,52,318,723,464,43,91,47.3,45.1,758,4925,2682,67,56,8,44,30,909,91,39,44,3,93,155,13,9,59.1
Matheus Cunha,BRA,Wolves,"MF,FW",25-322,27,24,2164.0,14,4,3,0,7.3,6.7,94,115,138,0.58,0.17,0.30,0.28,N/a,N/a,N/a,N/a,40.9,1.50,0.16,20.7,649,70.4,10383,84.2,75.3,43.4,45,78,48,9,115,104,4.33,11,0.46,33,19,34,23,17,1,16,16,1286,21,157,591,585,108,119,43.7,44.5,727,5528,2748,94,75,33,68,42,851,138,37,59,8,115,113,10,23,30.3
Matheus Nunes,POR,Manchester City,"DF,MF",26-230,21,14,1224.0,0,4,3,0,0.5,3.4,49,55,139,0.00,0.29,0.04,0.25,N/a,N/a,N/a,N/a,20.0,0.07,0.00,18.4,770,86.1,11967,91.5,87.7,67.2,20,35,23,6,55,34,2.50,5,0.37,26,17,26,14,12,3,9,12,1020,32,189,372,463,50,30,43.3,43.3,644,3481,1771,49,22,21,24,10,738,139,27,13,5,34,51,12,11,52.2
Matt Doherty,IRL,Wolves,DF,33-088,25,21,1809.0,2,1,6,0,1.0,1.5,29,73,39,0.10,0.05,0.05,0.08,N/a,N/a,N/a,N/a,30.0,0.15,0.20,11.4,899,81.9,16650,89.7,86.3,60.5,11,85,13,1,73,24,1.19,3,0.15,35,19,21,7,24,15,9,21,1307,109,504,645,175,25,20,55.0,30.0,692,3210,1952,29,19,4,11,5,821,39,17,11,2,18,91,46,19,70.8
Matthijs de Ligt,NED,Manchester Utd,DF,25-245,28,24,2089.0,2,0,3,0,2.5,0.3,7,55,6,0.09,0.00,0.11,0.01,N/a,N/a,N/a,N/a,50.0,0.39,0.11,7.9,1225,90.1,21549,94.1,94.5,50.5,6,63,2,1,55,14,0.60,1,0.04,30,22,32,9,29,21,8,33,1584,181,813,722,56,29,4,50.0,50.0,1063,4696,2219,7,3,0,5,3,1142,6,16,12,2,6,66,57,29,66.3
Matty Cash,POL,Aston Villa,DF,27-250,21,18,1560.0,1,1,6,0,0.3,1.1,43,38,65,0.06,0.06,0.02,0.06,N/a,N/a,N/a,N/a,40.0,0.23,0.10,19.0,572,78.8,9418,89.8,80.2,47.2,10,36,8,4,38,20,1.15,2,0.12,45,25,32,10,17,6,11,20,903,62,317,364,232,34,32,46.9,43.8,452,2894,1477,43,33,4,14,6,515,65,22,13,1,25,53,17,17,50.0
Matz Sels,BEL,Nott'ham Forest,GK,33-047,32,32,2880.0,0,0,2,0,0.0,0.0,0,1,0,0.00,0.00,0.00,0.00,1.19,74.5,40.6,0.0,N/a,0.00,N/a,N/a,430,50.6,16491,100.0,97.6,37.1,1,37,2,0,1,5,0.16,0,0.00,1,1,1,0,0,0,0,0,935,712,921,14,0,0,0,N/a,N/a,456,2667,1401,0,0,0,0,0,364,0,0,10,0,0,9,14,2,87.5
Max Kilman,ENG,West Ham,DF,27-326,32,32,2808.0,0,1,3,0,1.4,1.1,27,101,5,0.00,0.03,0.05,0.04,N/a,N/a,N/a,N/a,18.2,0.06,0.00,8.4,1390,86.6,27034,92.1,92.4,58.0,15,93,3,0,101,25,0.80,3,0.10,28,15,21,4,52,35,17,36,1951,387,1080,792,94,28,18,72.2,5.6,1029,4642,2676,27,10,2,13,2,1289,5,12,12,1,2,129,93,47,66.4
Maxence Lacroix,FRA,Crystal Palace,DF,25-008,28,28,2486.0,1,1,5,0,2.8,0.4,8,54,6,0.04,0.04,0.10,0.01,N/a,N/a,N/a,N/a,20.0,0.18,0.04,11.8,1023,82.4,21176,85.4,91.2,56.9,4,60,2,1,54,24,0.87,4,0.14,63,38,43,14,38,13,25,46,1610,290,986,564,67,32,13,61.5,23.1,868,4130,1895,8,4,0,18,3,960,6,31,18,1,6,114,52,44,54.2
Micky van de Ven,NED,Tottenham,DF,23-360,11,10,905.0,0,2,4,0,0.6,1.2,8,47,1,0.00,0.20,0.06,0.12,N/a,N/a,N/a,N/a,33.3,0.20,0.00,11.1,659,90.9,12335,92.3,96.2,62.1,2,45,1,0,47,9,0.90,2,0.20,10,6,14,6,9,6,3,9,808,100,425,359,33,9,8,50.0,50.0,564,2661,1301,8,10,1,5,4,587,1,10,7,0,0,59,18,16,52.9
Mikel Merino,ESP,Arsenal,"MF,FW",28-296,24,14,1345.0,6,1,2,0,3.9,1.4,9,60,83,0.40,0.07,0.26,0.09,N/a,N/a,N/a,N/a,40.0,0.80,0.20,10.9,399,78.1,5490,87.0,78.1,53.6,14,33,23,3,60,38,2.54,3,0.20,32,18,26,14,17,5,12,13,680,34,123,292,274,69,17,41.2,35.3,335,1287,622,9,12,4,21,20,443,83,33,19,7,11,74,54,49,52.4
Mikkel Damsgaard,DEN,Brentford,"MF,FW",24-285,32,28,2409.0,2,10,2,0,2.6,7.3,60,198,110,0.07,0.37,0.10,0.27,N/a,N/a,N/a,N/a,22.6,0.26,0.06,17.1,915,72.9,15610,85.2,73.4,52.7,55,139,59,15,198,106,3.96,18,0.67,73,40,69,42,33,2,31,24,1557,33,280,708,591,66,85,52.9,35.3,878,4882,2498,60,40,8,53,40,1029,110,14,23,6,114,144,12,24,33.3
Milos Kerkez,HUN,Bournemouth,DF,21-158,31,31,2717.0,2,5,4,0,0.5,3.2,85,130,151,0.07,0.17,0.02,0.11,N/a,N/a,N/a,N/a,29.4,0.17,0.12,20.4,1060,75.8,16755,89.5,79.2,37.1,27,76,32,20,130,67,2.22,9,0.30,46,25,34,14,32,11,21,38,1727,93,443,734,571,55,41,41.5,34.1,869,5038,2962,85,56,14,41,15,930,151,27,41,1,102,142,20,42,32.3
Mohamed Salah,EGY,Liverpool,FW,32-303,32,32,2831.0,27,18,1,0,22.6,12.1,133,123,398,0.86,0.57,0.72,0.38,N/a,N/a,N/a,N/a,45.0,1.43,0.18,15.1,768,71.4,11535,83.7,70.2,60.7,73,47,78,13,123,139,4.42,24,0.76,20,11,14,7,10,0,10,6,1444,10,84,436,943,298,117,44.4,53.0,986,6006,3140,133,54,107,99,59,1205,398,21,33,15,61,87,9,12,42.9
Mohammed Kudus,GHA,West Ham,"FW,MF",24-255,26,26,2167.0,3,2,1,1,6.0,2.2,83,67,180,0.12,0.08,0.25,0.09,N/a,N/a,N/a,N/a,30.2,0.79,0.05,15.6,592,83.6,9664,89.7,90.5,68.1,26,37,24,12,67,89,3.70,5,0.21,33,19,26,16,21,1,20,4,1060,11,147,437,512,105,175,42.9,47.4,697,4549,2136,83,53,36,61,83,825,180,34,55,18,66,115,10,34,22.7
Moisés Caicedo,ECU,Chelsea,MF,23-163,32,32,2811.0,1,2,9,0,0.7,2.9,37,180,32,0.03,0.06,0.02,0.09,N/a,N/a,N/a,N/a,17.6,0.10,0.06,25.0,1687,89.9,29272,92.2,92.9,77.9,27,204,30,2,180,85,2.72,7,0.22,94,58,74,28,41,9,32,42,2196,78,469,1348,402,12,48,39.6,37.5,1215,5692,2711,37,24,2,31,21,1548,32,57,50,0,8,184,29,15,65.9
Morgan Gibbs-White,ENG,Nott'ham Forest,MF,25-077,28,28,2288.0,5,7,8,1,4.3,4.4,62,139,112,0.20,0.28,0.17,0.17,N/a,N/a,N/a,N/a,34.0,0.67,0.10,16.7,821,78.5,12615,85.1,82.0,59.0,44,110,35,7,139,97,3.82,16,0.63,37,17,26,13,14,4,10,17,1350,30,159,675,537,83,71,39.4,46.5,760,4410,2265,62,46,12,62,36,1015,112,31,34,7,36,111,34,43,44.2
Morgan Rogers,ENG,Aston Villa,"FW,MF",22-262,31,31,2597.0,8,7,8,0,5.8,6.4,98,105,161,0.28,0.24,0.20,0.22,N/a,N/a,N/a,N/a,33.3,0.55,0.17,15.9,574,73.2,8287,80.7,76.1,78.0,42,65,48,2,105,91,3.15,12,0.42,33,16,37,20,22,5,17,5,1168,33,172,505,514,127,142,40.1,46.5,683,4857,2764,98,60,31,89,64,820,161,43,45,2,19,96,10,42,19.2
Murillo,BRA,Nott'ham Forest,DF,22-284,31,31,2748.0,1,0,5,0,1.2,1.1,19,99,4,0.03,0.00,0.04,0.04,N/a,N/a,N/a,N/a,20.0,0.13,0.05,24.3,955,78.0,18878,91.0,87.1,47.8,12,108,11,1,99,34,1.11,1,0.03,44,32,41,18,64,42,22,29,1616,361,826,716,88,17,32,81.3,18.8,688,3569,2135,19,24,1,18,9,818,4,23,4,0,12,123,34,19,64.2
Myles Lewis-Skelly,ENG,Arsenal,DF,18-200,17,11,959.0,1,0,2,2,0.0,0.2,25,52,24,0.09,0.00,0.00,0.02,N/a,N/a,N/a,N/a,100.0,0.09,1.00,13.9,476,90.3,6986,95.5,89.5,64.7,5,51,6,0,52,18,1.69,0,0.00,21,14,9,0,1,0,1,6,618,16,113,334,183,12,24,50.0,33.3,346,1871,1160,25,18,4,8,8,411,24,9,33,0,7,37,6,6,50.0
Nathan Collins,IRL,Brentford,DF,23-349,32,32,2880.0,2,2,4,0,2.3,1.5,25,109,17,0.06,0.06,0.07,0.05,N/a,N/a,N/a,N/a,33.3,0.16,0.13,11.2,1460,85.9,27660,88.3,92.6,59.0,8,92,7,2,109,28,0.87,7,0.22,34,20,30,10,68,48,20,31,2080,334,1100,837,153,59,12,50.0,41.7,1090,5925,3466,25,8,0,15,8,1265,17,24,24,6,7,144,99,55,64.3
Neco Williams,WAL,Nott'ham Forest,DF,24-001,29,22,2054.0,1,2,5,0,2.2,1.4,53,70,77,0.04,0.09,0.10,0.06,N/a,N/a,N/a,N/a,18.8,0.26,0.03,19.7,630,75.3,9556,89.5,72.2,39.0,14,50,17,7,70,40,1.75,5,0.22,66,38,63,24,36,7,29,23,1189,126,425,428,350,35,39,38.5,43.6,481,2974,1631,53,25,14,20,14,560,77,19,34,1,39,78,32,24,57.1
Nick Pope,ENG,Newcastle Utd,GK,32-360,21,21,1890.0,0,0,2,0,0.0,0.0,0,0,0,0.00,0.00,0.00,0.00,1.33,71.0,23.8,0.0,N/a,0.00,N/a,N/a,419,70.8,10660,99.0,98.1,41.0,0,2,0,0,0,4,0.19,0,0.00,0,0,0,0,1,0,1,1,658,528,649,9,0,0,0,N/a,N/a,346,1900,1265,0,0,0,0,1,231,0,1,3,0,0,15,9,1,90.0
Nicolas Jackson,SEN,Chelsea,FW,23-298,26,24,1948.0,9,5,7,0,12.1,4.1,43,32,107,0.42,0.23,0.56,0.19,N/a,N/a,N/a,N/a,43.1,1.43,0.13,12.6,255,74.6,3423,81.1,76.3,61.5,27,20,7,1,32,66,3.05,10,0.46,18,11,8,5,12,2,10,3,602,19,43,246,321,131,55,30.9,50.9,360,2255,1204,43,23,28,56,35,439,107,26,27,18,3,41,17,33,34.0
Nicolás Domínguez,ARG,Nott'ham Forest,"MF,FW",26-290,28,18,1567.0,0,0,8,0,1.4,1.3,12,60,24,0.00,0.00,0.08,0.07,N/a,N/a,N/a,N/a,38.9,0.40,0.00,19.0,669,87.1,9654,91.6,89.8,61.4,12,64,8,0,60,29,1.67,0,0.00,71,38,59,32,34,11,23,26,992,63,249,517,234,23,8,37.5,37.5,371,1491,717,12,10,2,17,9,546,24,27,14,1,2,95,17,19,47.2
Nikola Milenković,SRB,Nott'ham Forest,DF,27-184,31,31,2790.0,4,2,4,0,3.6,0.8,3,45,5,0.13,0.06,0.12,0.03,N/a,N/a,N/a,N/a,26.9,0.23,0.15,12.1,684,80.9,13625,86.7,87.0,60.2,7,44,2,0,45,18,0.58,3,0.10,42,26,27,6,36,21,15,23,1149,216,627,447,79,58,1,100.0,0.0,433,1888,900,3,3,2,1,2,582,5,16,3,1,0,69,89,36,71.2
Noni Madueke,ENG,Chelsea,FW,23-035,26,21,1601.0,7,3,3,0,7.9,3.9,122,60,194,0.39,0.17,0.44,0.22,N/a,N/a,N/a,N/a,37.7,1.46,0.10,14.6,420,78.2,6210,87.5,76.0,58.8,28,10,32,7,60,68,3.82,8,0.45,19,14,32,20,13,0,13,8,775,16,76,210,501,154,74,40.5,50.0,521,4346,2767,122,41,74,40,23,598,194,20,21,4,51,62,9,14,39.1
Noussair Mazraoui,MAR,Manchester Utd,DF,27-151,32,29,2475.0,0,1,2,0,0.6,1.3,34,98,44,0.00,0.04,0.02,0.05,N/a,N/a,N/a,N/a,25.0,0.11,0.00,20.8,1319,85.2,19726,91.2,88.9,51.4,16,106,17,5,98,45,1.64,1,0.04,95,55,81,34,31,8,23,33,1856,148,728,860,292,26,43,55.8,37.2,1027,4749,2470,34,26,3,23,16,1119,44,35,20,3,20,131,42,25,62.7
Nélson Semedo,POR,Wolves,DF,31-149,28,27,2415.0,0,4,7,0,0.7,2.6,60,64,100,0.00,0.15,0.03,0.10,N/a,N/a,N/a,N/a,42.9,0.22,0.00,23.8,895,79.9,13732,90.9,82.6,45.9,19,60,22,9,64,48,1.79,6,0.22,54,30,49,21,27,10,17,21,1426,112,414,648,382,23,58,44.8,41.4,725,4269,2219,60,35,9,34,17,811,100,42,26,3,53,109,27,39,40.9
Ola Aina,NGA,Nott'ham Forest,DF,28-188,30,30,2569.0,2,1,2,0,0.6,0.7,54,91,52,0.07,0.04,0.02,0.03,N/a,N/a,N/a,N/a,22.2,0.07,0.22,24.8,839,73.3,12948,88.1,72.8,36.1,11,78,15,7,91,50,1.75,3,0.11,53,40,58,24,32,12,20,30,1462,138,539,610,338,21,64,45.3,37.5,629,4026,2328,54,35,10,39,21,691,52,21,32,2,42,160,12,18,40.0
Ollie Watkins,ENG,Aston Villa,FW,29-105,32,26,2167.0,14,6,1,0,14.1,2.7,47,23,135,0.58,0.25,0.59,0.11,N/a,N/a,N/a,N/a,43.7,1.29,0.17,12.2,261,73.3,3294,78.1,82.1,75.0,20,11,7,0,23,47,1.95,10,0.42,9,6,10,7,11,3,8,6,587,17,43,212,341,144,37,21.6,67.6,344,1856,968,47,20,32,46,42,461,135,26,28,10,7,37,43,58,42.6
Omari Hutchinson,ENG,Ipswich Town,"MF,FW",21-166,27,26,2223.0,3,2,5,0,2.3,2.5,71,69,131,0.12,0.08,0.09,0.10,N/a,N/a,N/a,N/a,44.4,0.65,0.08,20.8,581,78.3,9129,88.2,84.6,52.7,23,43,20,9,69,64,2.59,6,0.24,30,11,45,32,24,1,23,10,1061,12,168,450,463,74,114,39.5,47.4,645,4832,2288,71,35,30,68,55,748,131,28,36,4,56,90,6,22,21.4
Orel Mangala,BEL,Everton,MF,27-027,19,14,1261.0,1,0,2,0,1.1,0.6,6,34,19,0.07,0.00,0.08,0.05,N/a,N/a,N/a,N/a,37.5,0.43,0.06,22.1,437,89.2,6998,90.5,94.9,76.7,8,50,8,1,34,24,1.72,1,0.07,16,8,8,3,8,3,5,21,621,22,133,335,157,13,24,58.3,37.5,298,1574,576,6,6,3,12,12,406,19,24,17,2,6,49,6,8,42.9
Pape Matar Sarr,SEN,Tottenham,MF,22-212,30,17,1511.0,3,2,6,0,3.2,1.5,29,75,43,0.18,0.12,0.19,0.09,N/a,N/a,N/a,N/a,42.9,0.71,0.11,21.3,769,87.2,11776,91.4,90.1,75.5,14,81,8,2,75,38,2.26,6,0.36,42,30,22,11,21,7,14,22,1059,32,225,597,255,23,25,44.0,48.0,674,3962,1697,29,28,5,24,19,756,43,27,28,2,10,103,23,32,41.8
Pau Torres,ESP,Aston Villa,DF,28-088,19,19,1639.0,0,0,1,0,0.5,0.0,31,72,4,0.00,0.00,0.03,0.00,N/a,N/a,N/a,N/a,25.0,0.11,0.00,11.7,990,88.2,17143,94.4,93.2,48.7,1,92,7,0,72,12,0.66,2,0.11,20,14,15,6,14,10,4,9,1241,190,591,581,75,13,16,87.5,12.5,772,5098,3343,31,19,0,3,3,882,4,6,7,0,1,53,15,21,41.7
Paul Onuachu,NGA,Southampton,FW,30-321,22,10,916.0,4,1,3,0,3.2,0.5,7,12,37,0.39,0.10,0.32,0.05,N/a,N/a,N/a,N/a,46.7,1.38,0.13,10.3,144,61.5,2080,62.9,62.3,66.7,8,12,2,0,12,9,0.89,1,0.10,7,2,7,4,6,1,5,1,391,15,41,212,141,57,24,29.2,54.2,190,769,235,7,4,2,44,33,321,37,26,14,9,0,17,84,51,62.2
Pedro Neto,POR,Chelsea,FW,25-036,29,18,1743.0,3,4,8,0,2.5,5.4,101,49,200,0.15,0.21,0.13,0.28,N/a,N/a,N/a,N/a,29.2,0.72,0.06,19.1,558,78.8,9033,92.8,82.1,48.6,40,23,30,19,49,78,4.03,7,0.36,18,9,16,10,11,1,10,8,912,7,76,261,587,93,85,29.4,45.9,598,4998,2549,101,48,36,35,24,671,200,17,26,3,113,62,9,23,28.1
Pedro Porro,ESP,Tottenham,DF,25-213,30,25,2373.0,2,5,4,0,1.5,3.5,58,136,95,0.08,0.19,0.06,0.13,N/a,N/a,N/a,N/a,22.2,0.30,0.06,23.0,1252,73.4,21717,87.3,79.0,44.5,47,111,50,22,136,91,3.45,7,0.27,61,44,71,29,42,17,25,33,2024,122,610,732,694,29,33,33.3,60.6,1071,4844,2489,58,37,5,23,16,1164,95,24,28,1,168,139,11,22,33.3
Pervis Estupiñán,ECU,Brighton,DF,27-083,25,21,1952.0,1,1,4,0,0.7,2.0,52,94,98,0.05,0.05,0.03,0.09,N/a,N/a,N/a,N/a,27.8,0.23,0.06,25.3,1104,83.6,16791,93.3,83.3,52.4,23,80,28,18,94,47,2.17,4,0.18,48,32,36,12,13,2,11,27,1550,66,389,775,401,26,28,50.0,46.4,811,3943,2092,52,42,8,25,23,937,98,29,16,3,100,123,36,24,60.0
Phil Foden,ENG,Manchester City,"MF,FW",24-321,25,19,1686.0,7,2,2,0,5.1,4.7,47,95,119,0.37,0.11,0.27,0.25,N/a,N/a,N/a,N/a,30.8,0.85,0.13,18.5,742,84.0,11563,90.6,89.2,59.6,42,40,35,5,95,84,4.48,9,0.48,12,5,17,10,12,1,11,9,1074,13,81,374,628,79,39,33.3,53.8,676,3472,1674,47,30,15,35,30,840,119,5,31,3,73,58,3,8,27.3
Radu Drăgușin,ROU,Tottenham,DF,23-070,16,14,1252.0,0,0,1,0,0.1,0.4,7,37,2,0.00,0.00,0.01,0.03,N/a,N/a,N/a,N/a,20.0,0.07,0.00,12.7,716,85.2,13638,91.0,93.0,43.9,4,52,2,1,37,8,0.58,1,0.07,10,6,12,6,22,16,6,15,961,148,510,430,30,12,2,0.0,0.0,623,3349,1666,7,3,0,8,2,669,2,6,10,0,1,48,33,22,60.0
Rasmus Højlund,DEN,Manchester Utd,FW,22-069,27,18,1585.0,3,0,2,0,3.3,1.2,25,16,80,0.17,0.00,0.19,0.07,N/a,N/a,N/a,N/a,39.1,0.51,0.13,13.5,204,77.3,2199,83.4,72.9,75.0,13,12,5,1,16,30,1.70,1,0.06,3,1,4,4,4,0,4,1,411,5,26,208,183,52,26,26.9,65.4,257,1273,578,25,12,15,56,26,326,80,14,25,9,6,28,20,74,21.3
Rayan Aït-Nouri,ALG,Wolves,DF,23-312,31,31,2618.0,4,6,6,1,2.3,4.4,69,96,148,0.14,0.21,0.08,0.15,N/a,N/a,N/a,N/a,27.6,0.28,0.14,15.2,1197,84.4,16586,93.5,87.2,41.4,35,65,25,7,96,70,2.41,11,0.38,79,49,63,24,39,6,33,21,1767,82,488,755,545,74,100,49.0,37.0,916,5002,2611,69,51,22,38,36,1064,148,26,33,4,72,129,18,26,40.9
Raúl Jiménez,MEX,Fulham,FW,33-344,31,24,1927.0,10,3,3,0,10.4,2.8,30,45,107,0.47,0.14,0.49,0.13,N/a,N/a,N/a,N/a,34.2,1.21,0.09,14.7,363,70.8,5521,81.0,75.5,59.6,16,29,8,3,45,51,2.38,6,0.28,27,17,17,11,18,5,13,9,799,27,93,347,370,137,44,40.9,52.3,445,1999,879,30,16,16,53,38,582,107,32,33,13,18,59,63,77,45.0
Riccardo Calafiori,ITA,Arsenal,DF,22-330,17,11,925.0,2,1,4,0,0.9,0.3,21,54,29,0.19,0.10,0.08,0.03,N/a,N/a,N/a,N/a,60.0,0.58,0.20,14.1,449,85.4,6549,91.6,85.7,67.9,6,40,9,1,54,13,1.26,2,0.19,26,18,29,11,12,6,6,9,628,30,161,249,222,29,13,69.2,23.1,291,1572,839,21,12,3,11,5,377,29,16,6,3,11,30,22,13,62.9
Rico Lewis,ENG,Manchester City,"DF,MF",20-144,26,20,1810.0,1,2,5,1,1.4,0.3,36,103,68,0.05,0.10,0.07,0.02,N/a,N/a,N/a,N/a,20.0,0.10,0.10,15.8,1139,92.0,16444,94.8,94.2,68.3,7,92,13,0,103,31,1.54,3,0.15,29,19,21,8,27,7,20,13,1399,51,286,702,426,42,21,42.9,52.4,815,4008,2032,36,38,8,19,19,1002,68,10,33,0,3,93,5,13,27.8
Robert Sánchez,ESP,Chelsea,GK,27-147,26,26,2340.0,0,0,5,0,0.0,0.0,0,1,0,0.00,0.00,0.00,0.00,1.15,76.8,26.9,20.0,N/a,0.00,N/a,N/a,735,71.7,17643,99.4,96.0,38.9,1,22,1,0,1,6,0.23,2,0.08,0,0,1,1,0,0,0,2,1089,800,1078,11,0,0,0,N/a,N/a,730,3525,2240,0,0,0,0,0,688,0,2,3,0,0,38,6,0,100.0
Rodrigo Bentancur,URU,Tottenham,MF,27-293,22,18,1428.0,2,0,7,0,1.3,0.4,22,89,32,0.13,0.00,0.08,0.03,N/a,N/a,N/a,N/a,22.7,0.32,0.09,17.4,858,88.4,13800,91.6,93.0,74.6,9,100,11,2,89,41,2.58,2,0.13,35,17,36,18,24,8,16,34,1169,69,290,692,196,22,17,47.1,41.2,706,3219,1301,22,22,5,16,18,779,32,27,10,1,4,108,34,22,60.7
Rodrigo Muniz,BRA,Fulham,FW,23-345,30,7,908.0,8,1,1,0,5.5,0.7,5,26,31,0.79,0.10,0.55,0.07,N/a,N/a,N/a,N/a,47.2,1.69,0.22,12.0,89,65.0,1490,67.7,69.8,84.6,7,12,3,0,26,14,1.39,2,0.20,10,5,4,0,9,2,7,5,301,12,25,157,123,52,18,33.3,50.0,154,628,169,5,4,2,47,24,230,31,11,28,3,1,12,64,63,50.4
Ryan Christie,SCO,Bournemouth,MF,30-051,29,27,2117.0,2,3,9,0,1.8,3.5,34,137,44,0.09,0.13,0.08,0.15,N/a,N/a,N/a,N/a,36.4,0.51,0.06,19.6,837,79.3,14882,88.2,87.9,48.8,41,118,33,5,137,85,3.62,9,0.38,54,33,64,37,44,11,33,30,1376,74,256,773,372,46,48,47.9,45.8,726,3802,1773,34,40,8,44,25,777,44,43,31,1,48,182,20,28,41.7
Ryan Gravenberch,NED,Liverpool,MF,22-333,32,32,2741.0,0,3,5,0,0.9,2.8,60,153,51,0.00,0.10,0.03,0.09,N/a,N/a,N/a,N/a,25.0,0.13,0.00,24.3,1515,89.0,22580,92.4,91.7,60.2,24,129,30,1,153,59,1.94,6,0.20,59,30,47,20,32,9,23,54,2056,98,418,1211,454,23,70,47.1,37.1,1228,6395,3228,60,68,9,44,19,1476,51,39,45,0,6,171,21,11,65.6
Ryan Manning,IRL,Southampton,"DF,MF",28-304,20,15,1195.0,0,0,2,0,0.3,2.6,12,28,63,0.00,0.00,0.02,0.20,N/a,N/a,N/a,N/a,0.0,0.00,0.00,18.6,521,79.7,8726,92.6,82.0,48.9,25,20,11,8,28,38,2.86,1,0.08,27,17,25,11,18,11,7,16,790,62,219,324,256,21,31,35.5,41.9,395,1671,811,12,11,4,16,5,470,63,17,26,0,66,56,12,5,70.6
Ryan Yates,ENG,Nott'ham Forest,MF,27-144,29,17,1742.0,2,1,8,0,2.3,1.1,17,45,12,0.10,0.05,0.12,0.06,N/a,N/a,N/a,N/a,29.0,0.46,0.06,18.9,555,82.1,8083,88.7,86.1,55.3,17,44,4,0,45,35,1.81,3,0.15,39,21,35,19,33,8,25,24,938,73,249,459,240,38,18,50.0,27.8,378,1848,849,17,18,1,23,18,488,12,48,46,6,3,89,43,29,59.7
Rúben Dias,POR,Manchester City,DF,27-335,21,19,1731.0,0,0,4,0,1.3,0.3,31,106,6,0.00,0.00,0.07,0.01,N/a,N/a,N/a,N/a,26.7,0.21,0.00,19.5,1685,93.3,28889,96.8,96.1,66.7,5,160,5,0,106,19,0.99,0,0.00,13,7,8,3,14,12,2,18,1936,172,640,1056,243,19,3,66.7,33.3,1383,7837,4615,31,52,1,5,1,1582,6,10,7,0,2,57,27,21,56.3
Sam Morsy,EGY,Ipswich Town,MF,33-216,27,25,2240.0,1,1,9,0,0.3,0.7,14,100,9,0.04,0.04,0.01,0.03,N/a,N/a,N/a,N/a,22.2,0.08,0.11,26.3,1042,86.6,16602,93.2,91.5,58.6,16,124,13,2,100,36,1.45,2,0.08,56,32,54,31,27,11,16,26,1398,72,406,802,203,4,19,57.9,31.6,715,3780,1616,14,20,2,13,9,942,9,42,20,0,11,127,14,21,40.0
Sammie Szmodics,IRL,Ipswich Town,"FW,MF",29-202,19,13,979.0,4,0,2,0,3.4,0.2,16,18,46,0.37,0.00,0.31,0.02,N/a,N/a,N/a,N/a,57.1,1.10,0.19,14.0,144,74.2,2402,87.0,84.4,51.7,4,10,4,1,18,9,0.83,0,0.00,15,9,23,17,10,2,8,6,309,17,80,119,116,33,12,33.3,50.0,174,989,399,16,8,7,24,17,189,46,9,8,8,13,41,6,11,35.3
Sander Berge,NOR,Fulham,MF,27-059,24,20,1824.0,0,0,4,0,0.2,0.6,20,94,8,0.00,0.00,0.01,0.03,N/a,N/a,N/a,N/a,0.0,0.00,0.00,7.6,890,90.6,15889,91.1,93.8,84.0,17,96,3,0,94,39,1.92,2,0.10,48,28,35,10,24,8,16,19,1143,68,317,665,166,11,16,56.3,31.3,658,3474,1502,20,18,2,9,13,726,8,25,5,0,3,107,25,16,61.0
Sandro Tonali,ITA,Newcastle Utd,MF,24-341,29,21,2000.0,3,1,5,0,3.5,0.7,30,89,42,0.14,0.05,0.16,0.03,N/a,N/a,N/a,N/a,33.3,0.41,0.11,19.0,910,82.9,13852,89.4,85.6,54.5,12,77,16,3,89,47,2.11,5,0.22,43,29,40,20,27,10,17,28,1322,53,306,737,301,34,30,56.7,33.3,725,3907,1659,30,31,4,21,23,908,42,33,38,2,27,142,10,9,52.6
Santiago Bueno,URU,Wolves,DF,26-156,25,17,1581.0,0,0,2,0,0.4,0.0,1,27,1,0.00,0.00,0.02,0.00,N/a,N/a,N/a,N/a,50.0,0.17,0.00,14.0,702,88.0,12901,92.5,93.8,56.8,0,21,1,0,27,11,0.63,4,0.23,33,17,18,4,32,18,14,14,958,156,486,456,19,6,2,0.0,100.0,523,2659,1403,1,2,0,2,2,625,1,26,5,0,0,42,34,31,52.3
Saša Lukić,SRB,Fulham,MF,28-244,24,23,1879.0,0,2,12,0,0.8,2.6,32,75,26,0.00,0.10,0.04,0.12,N/a,N/a,N/a,N/a,8.3,0.05,0.00,19.9,904,87.6,15271,92.3,92.2,69.3,21,81,11,4,75,44,2.11,2,0.10,56,31,45,29,16,6,10,22,1217,44,263,698,268,12,13,46.2,30.8,683,3661,1827,32,33,3,18,7,782,26,54,24,0,52,96,18,18,50.0
Sepp van den Berg,NED,Brentford,DF,23-115,25,23,2046.0,0,0,2,0,1.3,0.2,7,60,27,0.00,0.00,0.06,0.01,N/a,N/a,N/a,N/a,30.8,0.18,0.00,11.3,828,83.8,14125,87.1,88.0,64.7,4,50,3,1,60,19,0.84,2,0.09,34,21,24,9,45,31,14,18,1259,228,638,471,153,38,7,57.1,42.9,540,2665,1300,7,9,0,13,5,696,27,18,5,1,7,76,76,62,55.1
Son Heung-min,KOR,Tottenham,FW,32-280,28,23,2004.0,7,9,1,0,7.0,8.2,87,104,259,0.31,0.40,0.31,0.37,N/a,N/a,N/a,N/a,45.3,1.08,0.11,17.0,703,79.0,9833,89.7,80.0,48.0,50,36,51,6,104,116,5.21,15,0.67,17,9,23,18,10,0,10,5,1093,15,110,347,646,117,82,35.4,48.8,732,4522,2334,87,45,40,25,29,837,259,5,28,11,75,81,6,11,35.3
Stefan Ortega,GER,Manchester City,GK,32-159,11,10,920.0,0,0,1,0,0.0,0.0,0,0,0,0.00,0.00,0.00,0.00,1.66,64.4,20.0,0.0,N/a,0.00,N/a,N/a,324,82.9,7306,97.8,97.6,54.3,0,6,0,0,0,0,0.00,0,0.00,0,0,1,1,0,0,0,0,420,320,417,3,0,0,0,N/a,N/a,272,1257,709,0,0,0,0,0,260,0,1,2,0,0,6,1,0,100.0
Stephy Mavididi,ENG,Leicester City,FW,26-318,29,15,1531.0,4,1,2,0,1.8,2.5,87,57,134,0.24,0.06,0.11,0.15,N/a,N/a,N/a,N/a,26.9,0.41,0.15,16.1,436,74.7,5925,90.8,67.6,42.9,21,31,26,7,57,48,2.82,7,0.41,30,16,38,27,26,2,24,11,823,22,124,308,407,58,91,37.4,49.5,551,4151,2277,87,39,25,38,34,591,134,16,17,2,68,80,9,15,37.5
Sávio,BRA,Manchester City,"FW,MF",21-004,26,20,1657.0,1,8,3,0,4.8,6.6,129,65,226,0.05,0.43,0.26,0.36,N/a,N/a,N/a,N/a,37.7,1.09,0.02,17.7,649,80.8,9657,89.9,80.0,58.5,43,18,47,8,65,105,5.70,15,0.81,21,15,17,9,13,2,11,6,1031,12,52,263,733,146,109,45.9,34.9,744,6140,3386,129,42,73,41,37,807,226,17,26,3,78,74,1,2,33.3
Taylor Harwood-Bellis,ENG,Southampton,DF,23-074,29,27,2390.0,1,0,8,0,1.7,0.8,27,108,8,0.04,0.00,0.07,0.03,N/a,N/a,N/a,N/a,36.8,0.26,0.05,10.6,1665,88.1,30859,93.3,91.7,63.9,12,160,8,0,108,32,1.21,2,0.08,27,19,30,11,57,36,21,29,2158,287,1006,1005,156,36,3,100.0,0.0,1243,5777,3373,27,27,0,13,5,1568,8,30,12,0,9,110,48,33,59.3
Thomas Partey,GHA,Arsenal,"MF,DF",31-305,30,26,2347.0,4,2,4,0,2.0,1.9,30,156,43,0.15,0.08,0.08,0.07,N/a,N/a,N/a,N/a,30.4,0.27,0.17,19.5,1405,87.4,22401,93.2,88.4,67.5,17,136,33,2,156,54,2.07,12,0.46,79,48,67,24,22,6,16,30,1834,63,381,991,471,27,28,64.3,28.6,1021,5396,2843,30,33,3,19,12,1293,43,37,26,1,12,112,26,21,55.3
Timothy Castagne,BEL,Fulham,DF,29-130,21,16,1522.0,0,1,1,0,0.4,1.2,17,58,65,0.00,0.06,0.02,0.07,N/a,N/a,N/a,N/a,37.5,0.18,0.00,14.0,725,82.1,11618,90.5,85.8,50.7,9,47,5,3,58,25,1.48,3,0.18,45,28,44,18,13,4,9,20,1077,85,419,431,232,30,10,40.0,40.0,521,2097,1016,17,14,2,13,5,628,65,13,6,1,37,51,28,31,47.5
Tomáš Souček,CZE,West Ham,MF,30-046,29,25,2150.0,7,1,8,0,5.3,1.0,6,66,58,0.29,0.04,0.22,0.04,N/a,N/a,N/a,N/a,25.5,0.50,0.15,11.4,598,73.4,10053,78.7,76.8,69.0,14,57,8,1,66,43,1.80,3,0.13,36,18,34,17,33,16,17,14,1070,105,293,526,255,93,11,54.5,45.5,413,1237,439,6,10,3,16,10,643,58,39,23,4,11,50,86,65,57.0
Tosin Adarabioyo,ENG,Chelsea,DF,27-202,19,13,1227.0,1,1,3,0,0.9,0.2,5,37,1,0.07,0.07,0.07,0.02,N/a,N/a,N/a,N/a,16.7,0.15,0.08,12.5,984,91.4,18002,95.7,94.8,60.6,1,53,1,0,37,12,0.88,1,0.07,14,10,12,4,9,7,2,10,1193,159,567,601,26,13,4,75.0,0.0,710,2932,1688,5,2,0,3,0,913,1,8,6,1,0,34,36,26,58.1
Toti Gomes,POR,Wolves,DF,26-088,25,24,2074.0,0,1,5,0,0.7,0.9,20,64,12,0.00,0.04,0.03,0.04,N/a,N/a,N/a,N/a,28.6,0.09,0.00,11.6,1112,84.6,18792,91.0,92.1,50.3,7,67,5,3,64,18,0.78,1,0.04,48,35,32,7,24,14,10,21,1564,188,739,757,86,15,23,69.6,21.7,903,4419,2411,20,16,0,16,12,1047,12,19,11,4,11,85,41,18,69.5
Trent Alexander-Arnold,ENG,Liverpool,DF,26-189,28,26,2145.0,2,6,4,0,1.6,6.7,48,204,87,0.08,0.25,0.07,0.28,N/a,N/a,N/a,N/a,18.4,0.29,0.05,23.6,1321,73.9,25377,90.0,76.0,50.4,50,187,62,20,204,92,3.86,10,0.42,67,47,99,53,25,8,17,30,2044,82,546,902,609,39,29,44.8,48.3,1075,4978,2652,48,35,8,19,15,1299,87,9,7,1,140,120,3,12,20.0
Trevoh Chalobah,ENG,Crystal Palace,DF,25-283,12,12,1060.0,3,0,1,0,1.2,0.4,11,34,6,0.25,0.00,0.10,0.03,N/a,N/a,N/a,N/a,36.4,0.34,0.27,15.1,349,79.0,6831,88.7,85.2,51.2,4,27,2,1,34,11,0.93,0,0.00,20,16,23,11,19,9,10,19,594,66,275,276,51,14,10,60.0,20.0,278,1213,661,11,9,1,4,7,317,6,10,15,1,7,56,22,19,53.7
Tyler Adams,USA,Bournemouth,MF,26-059,21,14,1380.0,0,3,4,0,1.2,0.8,11,54,7,0.00,0.20,0.08,0.05,N/a,N/a,N/a,N/a,16.7,0.07,0.00,18.7,607,83.4,9588,88.9,87.8,55.6,13,48,2,1,54,30,1.96,4,0.26,70,43,57,26,24,6,18,29,939,40,239,545,164,12,14,14.3,64.3,448,2051,936,11,15,1,21,9,500,7,34,17,0,3,82,24,15,61.5
Tyler Dibling,ENG,Southampton,"FW,MF",19-033,28,18,1667.0,2,0,6,0,2.4,1.5,65,59,86,0.11,0.00,0.13,0.08,N/a,N/a,N/a,N/a,33.3,0.49,0.07,19.7,443,80.8,6660,90.1,85.2,42.9,19,23,20,1,59,54,2.92,4,0.22,34,20,26,10,18,5,13,7,776,23,102,357,336,39,100,43.0,36.0,497,4023,2020,65,46,26,39,52,579,86,27,46,1,26,70,9,20,31.0
Tyrick Mitchell,ENG,Crystal Palace,DF,25-225,31,31,2582.0,0,4,2,0,1.2,5.3,52,56,145,0.00,0.14,0.04,0.19,N/a,N/a,N/a,N/a,18.2,0.07,0.00,13.4,830,72.0,13435,84.1,74.6,41.3,35,42,27,13,56,61,2.13,5,0.17,77,49,39,18,56,11,45,13,1480,95,513,568,412,39,28,42.9,46.4,687,3198,1451,52,31,9,33,26,764,145,17,22,2,90,146,17,21,44.7
Tyrone Mings,ENG,Aston Villa,DF,32-032,12,10,961.0,0,0,1,0,0.8,0.2,5,39,0,0.00,0.00,0.07,0.02,N/a,N/a,N/a,N/a,12.5,0.09,0.00,11.8,554,88.9,9907,92.3,94.6,55.2,3,46,5,0,39,17,1.59,2,0.19,6,5,2,0,13,11,2,6,725,129,361,326,42,14,2,100.0,0.0,451,2463,1290,5,12,0,3,1,497,0,3,9,0,1,29,23,18,56.1
Valentino Livramento,ENG,Newcastle Utd,DF,22-153,30,25,2210.0,0,1,1,0,0.2,2.2,61,123,79,0.00,0.04,0.01,0.09,N/a,N/a,N/a,N/a,25.0,0.04,0.00,22.0,1080,84.2,16076,89.9,86.0,52.8,19,83,22,5,123,34,1.39,2,0.08,49,32,51,23,29,9,20,20,1545,100,519,708,343,22,42,42.9,40.5,801,4764,2508,61,33,7,22,32,860,79,6,30,2,36,157,19,30,38.8
Victor Bernth Kristiansen,DEN,Leicester City,DF,22-119,28,28,2380.0,0,1,1,0,0.3,1.4,39,69,75,0.00,0.04,0.01,0.05,N/a,N/a,N/a,N/a,0.0,0.00,0.00,17.7,1007,77.6,16181,89.6,80.1,41.4,18,74,23,18,69,41,1.55,3,0.11,85,50,87,40,37,14,23,40,1581,113,564,711,319,15,17,47.1,47.1,800,3839,1806,39,25,5,13,12,872,75,17,17,3,96,97,19,42,31.1
Virgil van Dijk,NED,Liverpool,DF,33-280,32,32,2880.0,2,1,3,0,1.7,0.5,18,156,6,0.06,0.03,0.05,0.02,N/a,N/a,N/a,N/a,33.3,0.22,0.10,13.2,2294,91.7,41794,96.1,95.4,67.7,10,245,3,0,156,39,1.22,4,0.12,34,16,20,9,22,12,10,51,2819,380,1128,1561,138,40,5,60.0,40.0,1589,7696,4219,18,19,3,6,5,1931,6,15,12,0,1,101,102,43,70.3
Vitaliy Mykolenko,UKR,Everton,DF,25-320,29,29,2542.0,0,1,2,0,0.4,1.5,28,96,73,0.00,0.04,0.01,0.05,N/a,N/a,N/a,N/a,0.0,0.00,0.00,20.9,804,74.0,13381,89.3,73.1,43.8,18,91,31,18,96,32,1.13,3,0.11,53,32,45,21,22,9,13,32,1383,104,435,599,359,22,16,31.3,50.0,563,2333,1287,28,22,1,19,8,699,73,18,26,2,78,70,42,35,54.5
Vitaly Janelt,GER,Brentford,MF,26-339,31,27,2250.0,1,3,3,0,0.8,2.2,17,80,37,0.04,0.12,0.03,0.09,N/a,N/a,N/a,N/a,28.6,0.16,0.07,17.7,870,82.5,14434,90.6,85.3,55.9,13,78,23,7,80,31,1.24,3,0.12,37,21,35,15,33,9,24,27,1284,118,417,574,302,31,11,27.3,54.5,650,3007,1278,17,18,3,16,10,813,37,24,15,1,29,107,19,11,63.3
Wes Burns,WAL,Ipswich Town,"FW,DF",30-142,18,12,926.0,0,1,1,0,0.5,1.6,38,8,65,0.00,0.10,0.05,0.16,N/a,N/a,N/a,N/a,14.3,0.10,0.00,18.3,153,60.5,2416,80.4,65.4,38.9,10,8,8,7,8,16,1.55,1,0.10,13,11,10,6,7,2,5,10,350,21,69,129,160,18,24,37.5,58.3,216,1458,696,38,13,10,17,13,220,65,4,11,0,46,50,8,21,27.6
Wesley Fofana,FRA,Chelsea,DF,24-118,14,14,1172.0,0,0,7,0,0.4,0.4,19,32,4,0.00,0.00,0.03,0.03,N/a,N/a,N/a,N/a,0.0,0.00,0.00,10.6,724,90.2,12262,93.9,92.5,61.9,6,54,1,0,32,15,1.15,0,0.00,13,12,14,8,14,9,5,14,933,81,370,523,55,10,15,53.3,20.0,557,3149,1614,19,12,1,16,5,665,4,24,16,0,1,54,27,12,69.2
Wilfred Ndidi,NGA,Leicester City,MF,28-119,23,23,1885.0,0,4,6,0,1.7,1.8,13,58,72,0.00,0.19,0.08,0.09,N/a,N/a,N/a,N/a,44.4,0.38,0.00,14.5,661,79.3,9370,86.4,81.4,50.0,14,54,8,1,58,25,1.19,3,0.14,68,39,47,24,41,15,26,23,1133,104,381,541,221,54,28,42.9,50.0,541,2240,902,13,18,2,33,27,662,72,34,16,3,27,107,48,41,53.9
Will Hughes,ENG,Crystal Palace,MF,29-362,26,19,1695.0,0,3,10,0,0.9,2.5,18,80,24,0.00,0.16,0.05,0.13,N/a,N/a,N/a,N/a,5.9,0.05,0.00,22.7,618,76.6,9930,88.6,83.1,38.5,28,65,14,3,80,60,3.19,6,0.32,61,33,59,32,28,13,15,17,997,37,226,517,266,14,11,27.3,45.5,438,2319,1085,18,22,1,17,23,560,24,53,27,0,60,100,14,14,50.0
William Saliba,FRA,Arsenal,DF,24-021,30,30,2634.0,2,0,2,1,2.2,0.9,16,128,6,0.07,0.00,0.07,0.03,N/a,N/a,N/a,N/a,40.0,0.07,0.40,4.5,2010,93.7,34672,95.3,95.7,79.9,7,158,6,0,128,25,0.85,1,0.03,53,31,24,6,21,12,9,19,2377,163,939,1324,128,17,18,66.7,27.8,1450,6392,3374,16,16,1,17,7,1762,6,26,16,1,3,135,56,32,63.6
Wout Faes,BEL,Leicester City,DF,27-011,28,24,2275.0,1,0,3,0,1.4,0.1,11,72,1,0.04,0.00,0.05,0.00,N/a,N/a,N/a,N/a,9.1,0.04,0.09,10.0,1082,86.9,20017,93.3,94.5,52.0,4,72,5,0,72,12,0.47,0,0.00,38,23,41,19,42,30,12,25,1531,246,744,730,65,26,5,80.0,20.0,873,4107,2433,11,12,2,15,5,998,1,20,9,1,5,76,40,30,57.1
Yankuba Minteh,GAM,Brighton,"FW,MF",20-266,26,15,1406.0,5,4,6,0,3.5,4.7,61,33,149,0.32,0.26,0.23,0.30,N/a,N/a,N/a,N/a,48.1,0.83,0.19,13.9,257,61.3,4221,76.2,65.6,43.9,25,11,26,6,33,51,3.27,9,0.58,40,30,44,28,16,0,16,10,638,26,114,182,360,108,79,46.8,44.3,357,2568,1529,61,17,48,41,19,367,149,16,8,4,68,71,15,24,38.5
Yasin Ayari,SWE,Brighton,MF,21-190,28,18,1633.0,0,1,3,0,2.2,2.1,26,63,55,0.00,0.06,0.12,0.12,N/a,N/a,N/a,N/a,25.0,0.33,0.00,18.6,647,80.8,9757,91.7,84.2,37.3,26,43,17,4,63,50,2.75,5,0.28,51,28,46,26,20,6,14,18,1019,49,229,517,288,42,38,42.1,34.2,525,2649,1217,26,22,6,31,21,653,55,31,22,3,60,101,13,17,43.3
Yehor Yarmoliuk,UKR,Brentford,MF,21-044,25,9,964.0,0,0,4,0,0.6,0.3,12,42,40,0.00,0.00,0.06,0.02,N/a,N/a,N/a,N/a,22.2,0.19,0.00,15.9,433,85.4,7442,86.8,88.0,84.3,6,52,5,2,42,17,1.59,2,0.19,31,20,40,21,23,6,17,9,656,43,180,332,158,14,20,45.0,45.0,332,1825,583,12,14,2,20,15,398,40,10,8,2,12,81,7,4,63.6
Yoane Wissa,COD,Brentford,FW,28-223,29,28,2380.0,15,2,2,0,14.3,1.8,48,55,128,0.57,0.08,0.54,0.07,N/a,N/a,N/a,N/a,44.3,1.17,0.21,13.9,386,77.2,5638,86.1,75.0,61.0,22,39,9,1,55,55,2.08,7,0.26,17,7,20,12,25,5,20,8,778,28,122,316,353,133,41,29.3,48.8,458,2819,1338,48,20,26,60,26,553,128,26,44,13,20,60,28,30,48.3
Youri Tielemans,BEL,Aston Villa,MF,27-342,32,32,2735.0,2,6,4,0,3.0,6.5,33,211,39,0.07,0.20,0.10,0.21,N/a,N/a,N/a,N/a,31.4,0.36,0.06,20.8,1545,82.4,26503,89.7,87.7,54.1,55,206,32,4,211,104,3.42,11,0.36,76,50,68,31,35,15,20,21,2166,90,439,1244,506,36,55,52.7,30.9,1171,5079,2318,33,24,8,29,25,1519,39,40,49,0,111,133,19,17,52.8
Yukinari Sugawara,JPN,Southampton,"DF,MF",24-290,29,15,1467.0,1,1,4,0,0.5,2.2,32,68,76,0.06,0.06,0.03,0.14,N/a,N/a,N/a,N/a,38.5,0.31,0.08,19.2,689,79.9,10831,88.2,82.9,47.9,17,43,21,9,68,39,2.39,1,0.06,29,16,30,12,17,7,10,10,1023,61,306,395,327,29,20,45.0,50.0,553,2517,1354,32,15,7,18,4,692,76,15,9,4,69,40,5,9,35.7
Yves Bissouma,MLI,Tottenham,MF,28-227,24,15,1210.0,2,0,7,0,0.6,0.3,15,71,3,0.15,0.00,0.04,0.02,N/a,N/a,N/a,N/a,40.0,0.30,0.20,23.2,693,89.4,10536,92.9,93.4,63.2,6,57,10,1,71,15,1.12,0,0.00,44,28,32,15,7,4,3,14,938,58,261,535,148,5,21,33.3,66.7,564,3369,1513,15,17,0,22,13,657,3,22,18,0,2,71,4,7,36.4
Álex Moreno,ESP,Nott'ham Forest,"DF,MF",31-310,15,11,955.0,0,1,2,0,0.2,1.3,26,34,34,0.00,0.09,0.02,0.12,N/a,N/a,N/a,N/a,0.0,0.00,0.00,23.7,308,72.0,4574,87.6,64.2,35.0,8,25,9,2,34,16,1.51,2,0.19,25,18,39,24,11,5,6,15,559,60,210,202,158,8,21,38.1,38.1,229,1470,864,26,16,4,13,6,258,34,12,6,0,19,50,3,11,21.4
İlkay Gündoğan,GER,Manchester City,MF,34-172,28,20,1787.0,0,4,1,0,2.7,2.6,51,107,77,0.00,0.20,0.13,0.13,N/a,N/a,N/a,N/a,17.4,0.20,0.00,18.0,1283,89.4,19664,94.4,92.7,60.9,34,92,19,2,107,66,3.32,9,0.45,22,13,23,13,12,0,12,12,1587,37,237,766,604,53,31,45.2,35.5,940,5330,2565,51,50,8,21,20,1238,77,14,20,0,56,97,12,8,60.0
Łukasz Fabiański,POL,West Ham,GK,39-361,13,12,1070.0,0,0,2,0,0.0,0.0,0,0,0,0.00,0.00,0.00,0.00,1.68,74.6,16.7,0.0,N/a,0.00,N/a,N/a,304,67.0,8756,100.0,99.3,41.3,0,4,0,0,0,3,0.25,0,0.00,0,0,1,1,0,0,0,0,488,382,483,5,0,0,2,100.0,0.0,258,1371,845,0,0,0,0,0,227,0,2,1,0,0,5,2,1,66.7
